document_id,title,category,tags,content,popularity
DOC_00001,Document about Arts and python,Arts,['python'],Arts document about python. This is a sample content for the document. This is a sample content for the document. This is a sample content for the document. This is a sample content for the document. This is a sample content for the document. This is a sample content for the document. This is a sample content for the document. This is a sample content for the document. This is a sample content for the document. ,9.72918866945795
DOC_00002,Document about History and painting medieval,History,['painting' 'medieval'],History document about painting medieval. This is a sample content for the document. This is a sample content for the document. This is a sample content for the document. This is a sample content for the document. This is a sample content for the document. This is a sample content for the document. This is a sample content for the document. This is a sample content for the document. This is a sample content for the document. This is a sample content for the document. This is a sample content for the document. This is a sample content for the document. This is a sample content for the document. This is a sample content for the document. ,1.419990968922539
DOC_00003,Document about History and poetry java chemistry,History,['poetry' 'java' 'chemistry'],History document about poetry java chemistry. This is a sample content for the document. This is a sample content for the document. This is a sample content for the document. This is a sample content for the document. This is a sample content for the document. This is a sample content for the document. This is a sample content for the document. This is a sample content for the document. ,9.479815801163674
DOC_00004,Document about Business and marketing finance,Business,['marketing' 'finance'],Business document about marketing finance. This is a sample content for the document. This is a sample content for the document. This is a sample content for the document. This is a sample content for the document. This is a sample content for the document. ,3.3290198344001523
DOC_00005,Document about History and python statistics,History,['python' 'statistics'],History document about python statistics. This is a sample content for the document. This is a sample content for the document. This is a sample content for the document. This is a sample content for the document. This is a sample content for the document. This is a sample content for the document. This is a sample content for the document. This is a sample content for the document. ,6.381099809299767
DOC_00006,Document about Arts and chemistry statistics,Arts,['chemistry' 'statistics'],Arts document about chemistry statistics. This is a sample content for the document. This is a sample content for the document. This is a sample content for the document. This is a sample content for the document. This is a sample content for the document. ,1.1407276606707453
DOC_00007,Document about Programming and calculus,Programming,['calculus'],Programming document about calculus. This is a sample content for the document. This is a sample content for the document. This is a sample content for the document. This is a sample content for the document. This is a sample content for the document. This is a sample content for the document. This is a sample content for the document. This is a sample content for the document. This is a sample content for the document. This is a sample content for the document. This is a sample content for the document. ,6.8596932295175
DOC_00008,Document about History and painting poetry finance,History,['painting' 'poetry' 'finance'],History document about painting poetry finance. This is a sample content for the document. This is a sample content for the document. This is a sample content for the document. This is a sample content for the document. This is a sample content for the document. This is a sample content for the document. This is a sample content for the document. ,5.249934326457543
DOC_00009,Document about Literature and finance java calculus,Literature,['finance' 'java' 'calculus'],Literature document about finance java calculus. This is a sample content for the document. This is a sample content for the document. This is a sample content for the document. This is a sample content for the document. This is a sample content for the document. This is a sample content for the document. This is a sample content for the document. This is a sample content for the document. This is a sample content for the document. This is a sample content for the document. This is a sample content for the document. This is a sample content for the document. This is a sample content for the document. This is a sample content for the document. ,4.954028516791931
DOC_00010,Document about Science and chemistry java painting,Science,['chemistry' 'java' 'painting'],Science document about chemistry java painting. This is a sample content for the document. This is a sample content for the document. This is a sample content for the document. This is a sample content for the document. This is a sample content for the document. This is a sample content for the document. This is a sample content for the document. This is a sample content for the document. This is a sample content for the document. This is a sample content for the document. This is a sample content for the document. ,3.607763076223912
DOC_00011,Document about Business and finance marketing,Business,['finance' 'marketing'],Business document about finance marketing. This is a sample content for the document. This is a sample content for the document. This is a sample content for the document. This is a sample content for the document. This is a sample content for the document. ,3.4491902444617177
DOC_00012,Document about Science and painting java,Science,['painting' 'java'],Science document about painting java. This is a sample content for the document. This is a sample content for the document. This is a sample content for the document. This is a sample content for the document. This is a sample content for the document. This is a sample content for the document. This is a sample content for the document. This is a sample content for the document. This is a sample content for the document. This is a sample content for the document. This is a sample content for the document. This is a sample content for the document. ,9.486187335212673
DOC_00013,Document about Business and medieval,Business,['medieval'],Business document about medieval. This is a sample content for the document. This is a sample content for the document. This is a sample content for the document. This is a sample content for the document. This is a sample content for the document. ,9.789534602493877
DOC_00014,Document about History and finance chemistry,History,['finance' 'chemistry'],History document about finance chemistry. This is a sample content for the document. This is a sample content for the document. This is a sample content for the document. This is a sample content for the document. This is a sample content for the document. ,7.553947137506736
DOC_00015,Document about Literature and marketing java,Literature,['marketing' 'java'],Literature document about marketing java. This is a sample content for the document. This is a sample content for the document. This is a sample content for the document. This is a sample content for the document. This is a sample content for the document. This is a sample content for the document. This is a sample content for the document. ,7.40034579194216
DOC_00016,Document about Arts and chemistry marketing physics,Arts,['chemistry' 'marketing' 'physics'],Arts document about chemistry marketing physics. This is a sample content for the document. This is a sample content for the document. This is a sample content for the document. This is a sample content for the document. This is a sample content for the document. This is a sample content for the document. ,9.322242564507064
DOC_00017,Document about Business and physics music,Business,['physics' 'music'],Business document about physics music. This is a sample content for the document. This is a sample content for the document. This is a sample content for the document. This is a sample content for the document. This is a sample content for the document. This is a sample content for the document. This is a sample content for the document. This is a sample content for the document. This is a sample content for the document. ,9.103762514469974
DOC_00018,Document about Science and physics java world war II,Science,['physics' 'java' 'world war II'],Science document about physics java world war II. This is a sample content for the document. This is a sample content for the document. This is a sample content for the document. This is a sample content for the document. This is a sample content for the document. This is a sample content for the document. This is a sample content for the document. This is a sample content for the document. ,9.086987696743714
DOC_00019,Document about History and world war II medieval,History,['world war II' 'medieval'],History document about world war II medieval. This is a sample content for the document. This is a sample content for the document. This is a sample content for the document. This is a sample content for the document. This is a sample content for the document. ,5.445043436650911
DOC_00020,Document about History and marketing calculus java,History,['marketing' 'calculus' 'java'],History document about marketing calculus java. This is a sample content for the document. This is a sample content for the document. This is a sample content for the document. This is a sample content for the document. This is a sample content for the document. This is a sample content for the document. ,4.150705669252082
DOC_00021,Document about Programming and novel chemistry java,Programming,['novel' 'chemistry' 'java'],Programming document about novel chemistry java. This is a sample content for the document. This is a sample content for the document. This is a sample content for the document. This is a sample content for the document. This is a sample content for the document. This is a sample content for the document. This is a sample content for the document. This is a sample content for the document. This is a sample content for the document. ,8.95144620039633
DOC_00022,Document about History and java,History,['java'],History document about java. This is a sample content for the document. This is a sample content for the document. This is a sample content for the document. This is a sample content for the document. This is a sample content for the document. This is a sample content for the document. This is a sample content for the document. ,2.5254347201748324
DOC_00023,Document about Programming and python physics,Programming,['python' 'physics'],Programming document about python physics. This is a sample content for the document. This is a sample content for the document. This is a sample content for the document. This is a sample content for the document. This is a sample content for the document. This is a sample content for the document. ,3.9029568781474047
DOC_00024,Document about Programming and painting,Programming,['painting'],Programming document about painting. This is a sample content for the document. This is a sample content for the document. This is a sample content for the document. This is a sample content for the document. This is a sample content for the document. This is a sample content for the document. This is a sample content for the document. This is a sample content for the document. ,8.184656610700976
DOC_00025,Document about Programming and physics calculus,Programming,['physics' 'calculus'],Programming document about physics calculus. This is a sample content for the document. This is a sample content for the document. This is a sample content for the document. This is a sample content for the document. This is a sample content for the document. This is a sample content for the document. This is a sample content for the document. This is a sample content for the document. This is a sample content for the document. This is a sample content for the document. ,6.317499345121097
DOC_00026,Document about Business and java,Business,['java'],Business document about java. This is a sample content for the document. This is a sample content for the document. This is a sample content for the document. This is a sample content for the document. This is a sample content for the document. This is a sample content for the document. This is a sample content for the document. This is a sample content for the document. ,8.578207675107834
DOC_00027,Document about History and marketing physics,History,['marketing' 'physics'],History document about marketing physics. This is a sample content for the document. This is a sample content for the document. This is a sample content for the document. This is a sample content for the document. This is a sample content for the document. This is a sample content for the document. This is a sample content for the document. This is a sample content for the document. This is a sample content for the document. ,2.6590030689823303
DOC_00028,Document about Business and medieval statistics painting,Business,['medieval' 'statistics' 'painting'],Business document about medieval statistics painting. This is a sample content for the document. This is a sample content for the document. This is a sample content for the document. This is a sample content for the document. This is a sample content for the document. ,9.593787525968748
DOC_00029,Document about Arts and calculus novel marketing,Arts,['calculus' 'novel' 'marketing'],Arts document about calculus novel marketing. This is a sample content for the document. This is a sample content for the document. This is a sample content for the document. This is a sample content for the document. This is a sample content for the document. ,3.802719784521648
DOC_00030,Document about Business and medieval,Business,['medieval'],Business document about medieval. This is a sample content for the document. This is a sample content for the document. This is a sample content for the document. This is a sample content for the document. This is a sample content for the document. This is a sample content for the document. This is a sample content for the document. This is a sample content for the document. This is a sample content for the document. This is a sample content for the document. ,6.715842857808794
DOC_00031,Document about Mathematics and chemistry world war II marketing,Mathematics,['chemistry' 'world war II' 'marketing'],Mathematics document about chemistry world war II marketing. This is a sample content for the document. This is a sample content for the document. This is a sample content for the document. This is a sample content for the document. This is a sample content for the document. This is a sample content for the document. This is a sample content for the document. This is a sample content for the document. This is a sample content for the document. This is a sample content for the document. This is a sample content for the document. This is a sample content for the document. ,7.094515081446835
DOC_00032,Document about Science and chemistry,Science,['chemistry'],Science document about chemistry. This is a sample content for the document. This is a sample content for the document. This is a sample content for the document. This is a sample content for the document. This is a sample content for the document. This is a sample content for the document. ,1.3506681907921028
DOC_00033,Document about Mathematics and finance chemistry physics,Mathematics,['finance' 'chemistry' 'physics'],Mathematics document about finance chemistry physics. This is a sample content for the document. This is a sample content for the document. This is a sample content for the document. This is a sample content for the document. This is a sample content for the document. This is a sample content for the document. This is a sample content for the document. This is a sample content for the document. This is a sample content for the document. This is a sample content for the document. This is a sample content for the document. This is a sample content for the document. ,7.615639394234972
DOC_00034,Document about Literature and finance,Literature,['finance'],Literature document about finance. This is a sample content for the document. This is a sample content for the document. This is a sample content for the document. This is a sample content for the document. This is a sample content for the document. This is a sample content for the document. This is a sample content for the document. This is a sample content for the document. This is a sample content for the document. This is a sample content for the document. This is a sample content for the document. ,6.224896111095188
DOC_00035,Document about Arts and calculus medieval,Arts,['calculus' 'medieval'],Arts document about calculus medieval. This is a sample content for the document. This is a sample content for the document. This is a sample content for the document. This is a sample content for the document. This is a sample content for the document. This is a sample content for the document. This is a sample content for the document. This is a sample content for the document. This is a sample content for the document. This is a sample content for the document. This is a sample content for the document. This is a sample content for the document. This is a sample content for the document. ,3.880446409275506
DOC_00036,Document about Science and physics music java,Science,['physics' 'music' 'java'],Science document about physics music java. This is a sample content for the document. This is a sample content for the document. This is a sample content for the document. This is a sample content for the document. This is a sample content for the document. This is a sample content for the document. This is a sample content for the document. This is a sample content for the document. This is a sample content for the document. ,1.8253373253263296
DOC_00037,Document about History and statistics,History,['statistics'],History document about statistics. This is a sample content for the document. This is a sample content for the document. This is a sample content for the document. This is a sample content for the document. This is a sample content for the document. This is a sample content for the document. This is a sample content for the document. This is a sample content for the document. This is a sample content for the document. This is a sample content for the document. This is a sample content for the document. This is a sample content for the document. This is a sample content for the document. This is a sample content for the document. ,4.973774512360393
DOC_00038,Document about Arts and statistics,Arts,['statistics'],Arts document about statistics. This is a sample content for the document. This is a sample content for the document. This is a sample content for the document. This is a sample content for the document. This is a sample content for the document. This is a sample content for the document. ,9.02707217899099
DOC_00039,Document about Mathematics and world war II,Mathematics,['world war II'],Mathematics document about world war II. This is a sample content for the document. This is a sample content for the document. This is a sample content for the document. This is a sample content for the document. This is a sample content for the document. This is a sample content for the document. This is a sample content for the document. ,7.994322243346931
DOC_00040,Document about Business and python novel marketing,Business,['python' 'novel' 'marketing'],Business document about python novel marketing. This is a sample content for the document. This is a sample content for the document. This is a sample content for the document. This is a sample content for the document. This is a sample content for the document. This is a sample content for the document. This is a sample content for the document. This is a sample content for the document. This is a sample content for the document. This is a sample content for the document. This is a sample content for the document. This is a sample content for the document. ,2.057736220993944
DOC_00041,Document about Programming and world war II painting calculus,Programming,['world war II' 'painting' 'calculus'],Programming document about world war II painting calculus. This is a sample content for the document. This is a sample content for the document. This is a sample content for the document. This is a sample content for the document. This is a sample content for the document. This is a sample content for the document. This is a sample content for the document. This is a sample content for the document. This is a sample content for the document. ,1.3906070496835548
DOC_00042,Document about Literature and novel painting poetry,Literature,['novel' 'painting' 'poetry'],Literature document about novel painting poetry. This is a sample content for the document. This is a sample content for the document. This is a sample content for the document. This is a sample content for the document. This is a sample content for the document. ,6.648022720756571
DOC_00043,Document about Business and python statistics painting,Business,['python' 'statistics' 'painting'],Business document about python statistics painting. This is a sample content for the document. This is a sample content for the document. This is a sample content for the document. This is a sample content for the document. This is a sample content for the document. This is a sample content for the document. This is a sample content for the document. This is a sample content for the document. This is a sample content for the document. This is a sample content for the document. This is a sample content for the document. This is a sample content for the document. This is a sample content for the document. This is a sample content for the document. ,3.0645527113445468
DOC_00044,Document about History and java,History,['java'],History document about java. This is a sample content for the document. This is a sample content for the document. This is a sample content for the document. This is a sample content for the document. This is a sample content for the document. This is a sample content for the document. This is a sample content for the document. ,8.402835186308522
DOC_00045,Document about Mathematics and finance calculus chemistry,Mathematics,['finance' 'calculus' 'chemistry'],Mathematics document about finance calculus chemistry. This is a sample content for the document. This is a sample content for the document. This is a sample content for the document. This is a sample content for the document. This is a sample content for the document. ,4.390650729441466
DOC_00046,Document about Mathematics and calculus medieval painting,Mathematics,['calculus' 'medieval' 'painting'],Mathematics document about calculus medieval painting. This is a sample content for the document. This is a sample content for the document. This is a sample content for the document. This is a sample content for the document. This is a sample content for the document. ,5.809116475265168
DOC_00047,Document about Literature and chemistry calculus,Literature,['chemistry' 'calculus'],Literature document about chemistry calculus. This is a sample content for the document. This is a sample content for the document. This is a sample content for the document. This is a sample content for the document. This is a sample content for the document. ,9.586459245328502
DOC_00048,Document about Literature and painting calculus,Literature,['painting' 'calculus'],Literature document about painting calculus. This is a sample content for the document. This is a sample content for the document. This is a sample content for the document. This is a sample content for the document. This is a sample content for the document. ,5.9671615489703695
DOC_00049,Document about Literature and painting poetry,Literature,['painting' 'poetry'],Literature document about painting poetry. This is a sample content for the document. This is a sample content for the document. This is a sample content for the document. This is a sample content for the document. This is a sample content for the document. This is a sample content for the document. ,4.155288029259372
DOC_00050,Document about Mathematics and physics medieval,Mathematics,['physics' 'medieval'],Mathematics document about physics medieval. This is a sample content for the document. This is a sample content for the document. This is a sample content for the document. This is a sample content for the document. This is a sample content for the document. This is a sample content for the document. This is a sample content for the document. This is a sample content for the document. ,5.134121271515552
DOC_00051,Document about Programming and painting music,Programming,['painting' 'music'],Programming document about painting music. This is a sample content for the document. This is a sample content for the document. This is a sample content for the document. This is a sample content for the document. This is a sample content for the document. This is a sample content for the document. This is a sample content for the document. ,5.83537075042663
DOC_00052,Document about Arts and novel java world war II,Arts,['novel' 'java' 'world war II'],Arts document about novel java world war II. This is a sample content for the document. This is a sample content for the document. This is a sample content for the document. This is a sample content for the document. This is a sample content for the document. This is a sample content for the document. ,6.417418559868642
DOC_00053,Document about Science and medieval statistics marketing,Science,['medieval' 'statistics' 'marketing'],Science document about medieval statistics marketing. This is a sample content for the document. This is a sample content for the document. This is a sample content for the document. This is a sample content for the document. This is a sample content for the document. This is a sample content for the document. ,2.158735584696795
DOC_00054,Document about Mathematics and calculus,Mathematics,['calculus'],Mathematics document about calculus. This is a sample content for the document. This is a sample content for the document. This is a sample content for the document. This is a sample content for the document. This is a sample content for the document. ,1.7606530691261373
DOC_00055,Document about Science and marketing,Science,['marketing'],Science document about marketing. This is a sample content for the document. This is a sample content for the document. This is a sample content for the document. This is a sample content for the document. This is a sample content for the document. This is a sample content for the document. This is a sample content for the document. ,9.056861539184794
DOC_00056,Document about Business and medieval finance music,Business,['medieval' 'finance' 'music'],Business document about medieval finance music. This is a sample content for the document. This is a sample content for the document. This is a sample content for the document. This is a sample content for the document. This is a sample content for the document. This is a sample content for the document. This is a sample content for the document. This is a sample content for the document. This is a sample content for the document. This is a sample content for the document. This is a sample content for the document. This is a sample content for the document. This is a sample content for the document. ,8.566389872901379
DOC_00057,Document about Business and chemistry medieval,Business,['chemistry' 'medieval'],Business document about chemistry medieval. This is a sample content for the document. This is a sample content for the document. This is a sample content for the document. This is a sample content for the document. This is a sample content for the document. This is a sample content for the document. This is a sample content for the document. This is a sample content for the document. ,5.83395887636693
DOC_00058,Document about Mathematics and finance marketing painting,Mathematics,['finance' 'marketing' 'painting'],Mathematics document about finance marketing painting. This is a sample content for the document. This is a sample content for the document. This is a sample content for the document. This is a sample content for the document. This is a sample content for the document. This is a sample content for the document. This is a sample content for the document. This is a sample content for the document. This is a sample content for the document. This is a sample content for the document. This is a sample content for the document. This is a sample content for the document. ,5.484229280640462
DOC_00059,Document about Business and painting,Business,['painting'],Business document about painting. This is a sample content for the document. This is a sample content for the document. This is a sample content for the document. This is a sample content for the document. This is a sample content for the document. This is a sample content for the document. This is a sample content for the document. This is a sample content for the document. This is a sample content for the document. This is a sample content for the document. This is a sample content for the document. This is a sample content for the document. ,9.070888821637826
DOC_00060,Document about Arts and python poetry marketing,Arts,['python' 'poetry' 'marketing'],Arts document about python poetry marketing. This is a sample content for the document. This is a sample content for the document. This is a sample content for the document. This is a sample content for the document. This is a sample content for the document. This is a sample content for the document. This is a sample content for the document. This is a sample content for the document. This is a sample content for the document. This is a sample content for the document. ,3.3211254434044584
DOC_00061,Document about Business and python world war II painting,Business,['python' 'world war II' 'painting'],Business document about python world war II painting. This is a sample content for the document. This is a sample content for the document. This is a sample content for the document. This is a sample content for the document. This is a sample content for the document. ,7.6262246532863935
DOC_00062,Document about History and painting finance novel,History,['painting' 'finance' 'novel'],History document about painting finance novel. This is a sample content for the document. This is a sample content for the document. This is a sample content for the document. This is a sample content for the document. This is a sample content for the document. This is a sample content for the document. ,3.9011846047725065
DOC_00063,Document about Mathematics and calculus,Mathematics,['calculus'],Mathematics document about calculus. This is a sample content for the document. This is a sample content for the document. This is a sample content for the document. This is a sample content for the document. This is a sample content for the document. This is a sample content for the document. ,2.1186750113699024
DOC_00064,Document about Science and music,Science,['music'],Science document about music. This is a sample content for the document. This is a sample content for the document. This is a sample content for the document. This is a sample content for the document. This is a sample content for the document. This is a sample content for the document. This is a sample content for the document. This is a sample content for the document. This is a sample content for the document. ,2.8146458804297008
DOC_00065,Document about Business and world war II novel finance,Business,['world war II' 'novel' 'finance'],Business document about world war II novel finance. This is a sample content for the document. This is a sample content for the document. This is a sample content for the document. This is a sample content for the document. This is a sample content for the document. This is a sample content for the document. This is a sample content for the document. ,6.616913897636539
DOC_00066,Document about Programming and poetry finance calculus,Programming,['poetry' 'finance' 'calculus'],Programming document about poetry finance calculus. This is a sample content for the document. This is a sample content for the document. This is a sample content for the document. This is a sample content for the document. This is a sample content for the document. This is a sample content for the document. This is a sample content for the document. This is a sample content for the document. This is a sample content for the document. This is a sample content for the document. This is a sample content for the document. ,7.574942231283713
DOC_00067,Document about Mathematics and java finance poetry,Mathematics,['java' 'finance' 'poetry'],Mathematics document about java finance poetry. This is a sample content for the document. This is a sample content for the document. This is a sample content for the document. This is a sample content for the document. This is a sample content for the document. This is a sample content for the document. This is a sample content for the document. This is a sample content for the document. ,6.129007163841849
DOC_00068,Document about Mathematics and world war II,Mathematics,['world war II'],Mathematics document about world war II. This is a sample content for the document. This is a sample content for the document. This is a sample content for the document. This is a sample content for the document. This is a sample content for the document. This is a sample content for the document. ,1.1098276508624003
DOC_00069,Document about Science and python novel medieval,Science,['python' 'novel' 'medieval'],Science document about python novel medieval. This is a sample content for the document. This is a sample content for the document. This is a sample content for the document. This is a sample content for the document. This is a sample content for the document. This is a sample content for the document. This is a sample content for the document. This is a sample content for the document. This is a sample content for the document. This is a sample content for the document. This is a sample content for the document. This is a sample content for the document. This is a sample content for the document. This is a sample content for the document. ,6.276068488151175
DOC_00070,Document about Business and world war II chemistry,Business,['world war II' 'chemistry'],Business document about world war II chemistry. This is a sample content for the document. This is a sample content for the document. This is a sample content for the document. This is a sample content for the document. This is a sample content for the document. This is a sample content for the document. This is a sample content for the document. This is a sample content for the document. This is a sample content for the document. This is a sample content for the document. This is a sample content for the document. This is a sample content for the document. This is a sample content for the document. ,4.817176041721474
DOC_00071,Document about Literature and statistics painting,Literature,['statistics' 'painting'],Literature document about statistics painting. This is a sample content for the document. This is a sample content for the document. This is a sample content for the document. This is a sample content for the document. This is a sample content for the document. This is a sample content for the document. This is a sample content for the document. This is a sample content for the document. This is a sample content for the document. This is a sample content for the document. This is a sample content for the document. This is a sample content for the document. This is a sample content for the document. ,3.9893177138944496
DOC_00072,Document about Business and world war II music chemistry,Business,['world war II' 'music' 'chemistry'],Business document about world war II music chemistry. This is a sample content for the document. This is a sample content for the document. This is a sample content for the document. This is a sample content for the document. This is a sample content for the document. This is a sample content for the document. This is a sample content for the document. This is a sample content for the document. ,5.836560426441306
DOC_00073,Document about Science and novel poetry,Science,['novel' 'poetry'],Science document about novel poetry. This is a sample content for the document. This is a sample content for the document. This is a sample content for the document. This is a sample content for the document. This is a sample content for the document. This is a sample content for the document. This is a sample content for the document. This is a sample content for the document. This is a sample content for the document. This is a sample content for the document. This is a sample content for the document. This is a sample content for the document. ,6.198687586823925
DOC_00074,Document about History and statistics novel,History,['statistics' 'novel'],History document about statistics novel. This is a sample content for the document. This is a sample content for the document. This is a sample content for the document. This is a sample content for the document. This is a sample content for the document. This is a sample content for the document. This is a sample content for the document. This is a sample content for the document. This is a sample content for the document. This is a sample content for the document. ,8.745688161016606
DOC_00075,Document about Arts and java,Arts,['java'],Arts document about java. This is a sample content for the document. This is a sample content for the document. This is a sample content for the document. This is a sample content for the document. This is a sample content for the document. This is a sample content for the document. This is a sample content for the document. This is a sample content for the document. This is a sample content for the document. This is a sample content for the document. This is a sample content for the document. This is a sample content for the document. ,6.287082438106669
DOC_00076,Document about Programming and novel world war II,Programming,['novel' 'world war II'],Programming document about novel world war II. This is a sample content for the document. This is a sample content for the document. This is a sample content for the document. This is a sample content for the document. This is a sample content for the document. This is a sample content for the document. This is a sample content for the document. This is a sample content for the document. This is a sample content for the document. This is a sample content for the document. This is a sample content for the document. ,7.779215986727058
DOC_00077,Document about Mathematics and novel medieval,Mathematics,['novel' 'medieval'],Mathematics document about novel medieval. This is a sample content for the document. This is a sample content for the document. This is a sample content for the document. This is a sample content for the document. This is a sample content for the document. This is a sample content for the document. This is a sample content for the document. This is a sample content for the document. This is a sample content for the document. This is a sample content for the document. This is a sample content for the document. This is a sample content for the document. ,2.7650178972410755
DOC_00078,Document about Arts and music,Arts,['music'],Arts document about music. This is a sample content for the document. This is a sample content for the document. This is a sample content for the document. This is a sample content for the document. This is a sample content for the document. This is a sample content for the document. This is a sample content for the document. This is a sample content for the document. This is a sample content for the document. This is a sample content for the document. This is a sample content for the document. This is a sample content for the document. ,8.261651340663274
DOC_00079,Document about History and finance,History,['finance'],History document about finance. This is a sample content for the document. This is a sample content for the document. This is a sample content for the document. This is a sample content for the document. This is a sample content for the document. This is a sample content for the document. This is a sample content for the document. This is a sample content for the document. ,6.786330072528279
DOC_00080,Document about Mathematics and medieval novel,Mathematics,['medieval' 'novel'],Mathematics document about medieval novel. This is a sample content for the document. This is a sample content for the document. This is a sample content for the document. This is a sample content for the document. This is a sample content for the document. This is a sample content for the document. This is a sample content for the document. This is a sample content for the document. This is a sample content for the document. This is a sample content for the document. This is a sample content for the document. This is a sample content for the document. This is a sample content for the document. ,4.92513876221785
DOC_00081,Document about History and music physics world war II,History,['music' 'physics' 'world war II'],History document about music physics world war II. This is a sample content for the document. This is a sample content for the document. This is a sample content for the document. This is a sample content for the document. This is a sample content for the document. This is a sample content for the document. This is a sample content for the document. This is a sample content for the document. This is a sample content for the document. This is a sample content for the document. This is a sample content for the document. This is a sample content for the document. This is a sample content for the document. ,5.874707931947802
DOC_00082,Document about Literature and finance,Literature,['finance'],Literature document about finance. This is a sample content for the document. This is a sample content for the document. This is a sample content for the document. This is a sample content for the document. This is a sample content for the document. This is a sample content for the document. This is a sample content for the document. This is a sample content for the document. ,5.482816781599052
DOC_00083,Document about Mathematics and calculus,Mathematics,['calculus'],Mathematics document about calculus. This is a sample content for the document. This is a sample content for the document. This is a sample content for the document. This is a sample content for the document. This is a sample content for the document. This is a sample content for the document. This is a sample content for the document. This is a sample content for the document. This is a sample content for the document. This is a sample content for the document. This is a sample content for the document. This is a sample content for the document. ,3.25657594505438
DOC_00084,Document about Literature and statistics,Literature,['statistics'],Literature document about statistics. This is a sample content for the document. This is a sample content for the document. This is a sample content for the document. This is a sample content for the document. This is a sample content for the document. ,1.7451880113261382
DOC_00085,Document about History and music marketing novel,History,['music' 'marketing' 'novel'],History document about music marketing novel. This is a sample content for the document. This is a sample content for the document. This is a sample content for the document. This is a sample content for the document. This is a sample content for the document. This is a sample content for the document. This is a sample content for the document. This is a sample content for the document. This is a sample content for the document. This is a sample content for the document. ,2.2150114967908623
DOC_00086,Document about Programming and medieval poetry,Programming,['medieval' 'poetry'],Programming document about medieval poetry. This is a sample content for the document. This is a sample content for the document. This is a sample content for the document. This is a sample content for the document. This is a sample content for the document. This is a sample content for the document. ,1.959384278203946
DOC_00087,Document about Programming and calculus,Programming,['calculus'],Programming document about calculus. This is a sample content for the document. This is a sample content for the document. This is a sample content for the document. This is a sample content for the document. This is a sample content for the document. This is a sample content for the document. This is a sample content for the document. This is a sample content for the document. This is a sample content for the document. This is a sample content for the document. ,6.312076001821784
DOC_00088,Document about Science and java,Science,['java'],Science document about java. This is a sample content for the document. This is a sample content for the document. This is a sample content for the document. This is a sample content for the document. This is a sample content for the document. ,6.929050300396456
DOC_00089,Document about Business and calculus music,Business,['calculus' 'music'],Business document about calculus music. This is a sample content for the document. This is a sample content for the document. This is a sample content for the document. This is a sample content for the document. This is a sample content for the document. This is a sample content for the document. This is a sample content for the document. This is a sample content for the document. This is a sample content for the document. This is a sample content for the document. ,9.239394678292376
DOC_00090,Document about Business and python calculus chemistry,Business,['python' 'calculus' 'chemistry'],Business document about python calculus chemistry. This is a sample content for the document. This is a sample content for the document. This is a sample content for the document. This is a sample content for the document. This is a sample content for the document. This is a sample content for the document. This is a sample content for the document. This is a sample content for the document. This is a sample content for the document. This is a sample content for the document. This is a sample content for the document. ,5.096293165325405
DOC_00091,Document about Science and painting chemistry,Science,['painting' 'chemistry'],Science document about painting chemistry. This is a sample content for the document. This is a sample content for the document. This is a sample content for the document. This is a sample content for the document. This is a sample content for the document. ,5.845613413427088
DOC_00092,Document about Business and chemistry,Business,['chemistry'],Business document about chemistry. This is a sample content for the document. This is a sample content for the document. This is a sample content for the document. This is a sample content for the document. This is a sample content for the document. This is a sample content for the document. ,9.451609286616064
DOC_00093,Document about Science and poetry statistics chemistry,Science,['poetry' 'statistics' 'chemistry'],Science document about poetry statistics chemistry. This is a sample content for the document. This is a sample content for the document. This is a sample content for the document. This is a sample content for the document. This is a sample content for the document. This is a sample content for the document. This is a sample content for the document. This is a sample content for the document. This is a sample content for the document. This is a sample content for the document. This is a sample content for the document. ,5.702672724710708
DOC_00094,Document about Programming and painting poetry,Programming,['painting' 'poetry'],Programming document about painting poetry. This is a sample content for the document. This is a sample content for the document. This is a sample content for the document. This is a sample content for the document. This is a sample content for the document. This is a sample content for the document. This is a sample content for the document. This is a sample content for the document. This is a sample content for the document. This is a sample content for the document. This is a sample content for the document. This is a sample content for the document. This is a sample content for the document. ,1.9852083881120364
DOC_00095,Document about Programming and marketing calculus python,Programming,['marketing' 'calculus' 'python'],Programming document about marketing calculus python. This is a sample content for the document. This is a sample content for the document. This is a sample content for the document. This is a sample content for the document. This is a sample content for the document. This is a sample content for the document. This is a sample content for the document. This is a sample content for the document. This is a sample content for the document. This is a sample content for the document. This is a sample content for the document. This is a sample content for the document. This is a sample content for the document. ,7.690175406042617
DOC_00096,Document about History and finance painting poetry,History,['finance' 'painting' 'poetry'],History document about finance painting poetry. This is a sample content for the document. This is a sample content for the document. This is a sample content for the document. This is a sample content for the document. This is a sample content for the document. This is a sample content for the document. This is a sample content for the document. This is a sample content for the document. This is a sample content for the document. This is a sample content for the document. ,8.206927184168876
DOC_00097,Document about Business and marketing medieval poetry,Business,['marketing' 'medieval' 'poetry'],Business document about marketing medieval poetry. This is a sample content for the document. This is a sample content for the document. This is a sample content for the document. This is a sample content for the document. This is a sample content for the document. ,2.3850631570586955
DOC_00098,Document about Science and music poetry,Science,['music' 'poetry'],Science document about music poetry. This is a sample content for the document. This is a sample content for the document. This is a sample content for the document. This is a sample content for the document. This is a sample content for the document. This is a sample content for the document. This is a sample content for the document. ,9.60086348406778
DOC_00099,Document about History and marketing finance,History,['marketing' 'finance'],History document about marketing finance. This is a sample content for the document. This is a sample content for the document. This is a sample content for the document. This is a sample content for the document. This is a sample content for the document. This is a sample content for the document. This is a sample content for the document. This is a sample content for the document. This is a sample content for the document. This is a sample content for the document. ,9.659097753328448
DOC_00100,Document about Literature and chemistry,Literature,['chemistry'],Literature document about chemistry. This is a sample content for the document. This is a sample content for the document. This is a sample content for the document. This is a sample content for the document. This is a sample content for the document. This is a sample content for the document. This is a sample content for the document. This is a sample content for the document. This is a sample content for the document. This is a sample content for the document. This is a sample content for the document. This is a sample content for the document. ,8.176834194462353
DOC_00101,Document about History and medieval,History,['medieval'],History document about medieval. This is a sample content for the document. This is a sample content for the document. This is a sample content for the document. This is a sample content for the document. This is a sample content for the document. This is a sample content for the document. This is a sample content for the document. This is a sample content for the document. This is a sample content for the document. This is a sample content for the document. This is a sample content for the document. This is a sample content for the document. This is a sample content for the document. This is a sample content for the document. ,5.189230078929852
DOC_00102,Document about Arts and medieval painting statistics,Arts,['medieval' 'painting' 'statistics'],Arts document about medieval painting statistics. This is a sample content for the document. This is a sample content for the document. This is a sample content for the document. This is a sample content for the document. This is a sample content for the document. ,6.038598810779465
DOC_00103,Document about Arts and novel finance,Arts,['novel' 'finance'],Arts document about novel finance. This is a sample content for the document. This is a sample content for the document. This is a sample content for the document. This is a sample content for the document. This is a sample content for the document. This is a sample content for the document. This is a sample content for the document. This is a sample content for the document. This is a sample content for the document. ,1.9225875519161133
DOC_00104,Document about History and medieval physics,History,['medieval' 'physics'],History document about medieval physics. This is a sample content for the document. This is a sample content for the document. This is a sample content for the document. This is a sample content for the document. This is a sample content for the document. This is a sample content for the document. This is a sample content for the document. This is a sample content for the document. ,6.828162790617168
DOC_00105,Document about History and medieval,History,['medieval'],History document about medieval. This is a sample content for the document. This is a sample content for the document. This is a sample content for the document. This is a sample content for the document. This is a sample content for the document. This is a sample content for the document. This is a sample content for the document. This is a sample content for the document. ,4.835631720123756
DOC_00106,Document about Literature and novel,Literature,['novel'],Literature document about novel. This is a sample content for the document. This is a sample content for the document. This is a sample content for the document. This is a sample content for the document. This is a sample content for the document. This is a sample content for the document. This is a sample content for the document. This is a sample content for the document. This is a sample content for the document. This is a sample content for the document. This is a sample content for the document. This is a sample content for the document. ,4.891013209383417
DOC_00107,Document about Literature and painting medieval marketing,Literature,['painting' 'medieval' 'marketing'],Literature document about painting medieval marketing. This is a sample content for the document. This is a sample content for the document. This is a sample content for the document. This is a sample content for the document. This is a sample content for the document. This is a sample content for the document. ,2.917942336225749
DOC_00108,Document about Programming and poetry,Programming,['poetry'],Programming document about poetry. This is a sample content for the document. This is a sample content for the document. This is a sample content for the document. This is a sample content for the document. This is a sample content for the document. This is a sample content for the document. This is a sample content for the document. This is a sample content for the document. This is a sample content for the document. This is a sample content for the document. This is a sample content for the document. ,6.635982894682739
DOC_00109,Document about History and finance,History,['finance'],History document about finance. This is a sample content for the document. This is a sample content for the document. This is a sample content for the document. This is a sample content for the document. This is a sample content for the document. This is a sample content for the document. This is a sample content for the document. This is a sample content for the document. This is a sample content for the document. This is a sample content for the document. This is a sample content for the document. This is a sample content for the document. This is a sample content for the document. ,2.4474292217037106
DOC_00110,Document about Business and calculus novel,Business,['calculus' 'novel'],Business document about calculus novel. This is a sample content for the document. This is a sample content for the document. This is a sample content for the document. This is a sample content for the document. This is a sample content for the document. This is a sample content for the document. This is a sample content for the document. This is a sample content for the document. This is a sample content for the document. This is a sample content for the document. ,3.624963208383729
DOC_00111,Document about Literature and physics,Literature,['physics'],Literature document about physics. This is a sample content for the document. This is a sample content for the document. This is a sample content for the document. This is a sample content for the document. This is a sample content for the document. This is a sample content for the document. This is a sample content for the document. This is a sample content for the document. This is a sample content for the document. This is a sample content for the document. ,6.563401608863072
DOC_00112,Document about History and calculus,History,['calculus'],History document about calculus. This is a sample content for the document. This is a sample content for the document. This is a sample content for the document. This is a sample content for the document. This is a sample content for the document. This is a sample content for the document. This is a sample content for the document. This is a sample content for the document. This is a sample content for the document. This is a sample content for the document. This is a sample content for the document. ,2.194441786387543
DOC_00113,Document about Arts and novel finance,Arts,['novel' 'finance'],Arts document about novel finance. This is a sample content for the document. This is a sample content for the document. This is a sample content for the document. This is a sample content for the document. This is a sample content for the document. This is a sample content for the document. This is a sample content for the document. This is a sample content for the document. This is a sample content for the document. This is a sample content for the document. This is a sample content for the document. This is a sample content for the document. This is a sample content for the document. ,9.42591021619321
DOC_00114,Document about Arts and music python world war II,Arts,['music' 'python' 'world war II'],Arts document about music python world war II. This is a sample content for the document. This is a sample content for the document. This is a sample content for the document. This is a sample content for the document. This is a sample content for the document. This is a sample content for the document. This is a sample content for the document. This is a sample content for the document. ,5.977013073327626
DOC_00115,Document about Business and finance marketing,Business,['finance' 'marketing'],Business document about finance marketing. This is a sample content for the document. This is a sample content for the document. This is a sample content for the document. This is a sample content for the document. This is a sample content for the document. This is a sample content for the document. This is a sample content for the document. This is a sample content for the document. This is a sample content for the document. This is a sample content for the document. This is a sample content for the document. This is a sample content for the document. This is a sample content for the document. This is a sample content for the document. ,3.96115694033196
DOC_00116,Document about Business and music,Business,['music'],Business document about music. This is a sample content for the document. This is a sample content for the document. This is a sample content for the document. This is a sample content for the document. This is a sample content for the document. This is a sample content for the document. This is a sample content for the document. This is a sample content for the document. This is a sample content for the document. This is a sample content for the document. This is a sample content for the document. This is a sample content for the document. ,9.773138459321048
DOC_00117,Document about Science and painting medieval,Science,['painting' 'medieval'],Science document about painting medieval. This is a sample content for the document. This is a sample content for the document. This is a sample content for the document. This is a sample content for the document. This is a sample content for the document. This is a sample content for the document. This is a sample content for the document. This is a sample content for the document. ,5.54360393703716
DOC_00118,Document about Mathematics and music,Mathematics,['music'],Mathematics document about music. This is a sample content for the document. This is a sample content for the document. This is a sample content for the document. This is a sample content for the document. This is a sample content for the document. This is a sample content for the document. This is a sample content for the document. This is a sample content for the document. This is a sample content for the document. This is a sample content for the document. This is a sample content for the document. This is a sample content for the document. This is a sample content for the document. This is a sample content for the document. ,9.929199847066052
DOC_00119,Document about Mathematics and chemistry poetry,Mathematics,['chemistry' 'poetry'],Mathematics document about chemistry poetry. This is a sample content for the document. This is a sample content for the document. This is a sample content for the document. This is a sample content for the document. This is a sample content for the document. This is a sample content for the document. This is a sample content for the document. This is a sample content for the document. This is a sample content for the document. This is a sample content for the document. This is a sample content for the document. This is a sample content for the document. This is a sample content for the document. This is a sample content for the document. ,3.1378899243148988
DOC_00120,Document about Business and statistics music,Business,['statistics' 'music'],Business document about statistics music. This is a sample content for the document. This is a sample content for the document. This is a sample content for the document. This is a sample content for the document. This is a sample content for the document. This is a sample content for the document. This is a sample content for the document. This is a sample content for the document. This is a sample content for the document. This is a sample content for the document. ,6.869109209773941
DOC_00121,Document about Programming and painting,Programming,['painting'],Programming document about painting. This is a sample content for the document. This is a sample content for the document. This is a sample content for the document. This is a sample content for the document. This is a sample content for the document. This is a sample content for the document. This is a sample content for the document. This is a sample content for the document. This is a sample content for the document. This is a sample content for the document. This is a sample content for the document. This is a sample content for the document. This is a sample content for the document. This is a sample content for the document. ,1.6614707259701138
DOC_00122,Document about Business and chemistry world war II,Business,['chemistry' 'world war II'],Business document about chemistry world war II. This is a sample content for the document. This is a sample content for the document. This is a sample content for the document. This is a sample content for the document. This is a sample content for the document. This is a sample content for the document. This is a sample content for the document. This is a sample content for the document. This is a sample content for the document. This is a sample content for the document. This is a sample content for the document. This is a sample content for the document. This is a sample content for the document. ,6.449843418803946
DOC_00123,Document about Arts and painting,Arts,['painting'],Arts document about painting. This is a sample content for the document. This is a sample content for the document. This is a sample content for the document. This is a sample content for the document. This is a sample content for the document. This is a sample content for the document. ,9.880236823214457
DOC_00124,Document about Programming and java medieval painting,Programming,['java' 'medieval' 'painting'],Programming document about java medieval painting. This is a sample content for the document. This is a sample content for the document. This is a sample content for the document. This is a sample content for the document. This is a sample content for the document. This is a sample content for the document. This is a sample content for the document. ,1.3741557314535289
DOC_00125,Document about Mathematics and chemistry,Mathematics,['chemistry'],Mathematics document about chemistry. This is a sample content for the document. This is a sample content for the document. This is a sample content for the document. This is a sample content for the document. This is a sample content for the document. This is a sample content for the document. This is a sample content for the document. This is a sample content for the document. This is a sample content for the document. This is a sample content for the document. ,2.256861292806816
DOC_00126,Document about Business and music,Business,['music'],Business document about music. This is a sample content for the document. This is a sample content for the document. This is a sample content for the document. This is a sample content for the document. This is a sample content for the document. This is a sample content for the document. ,6.95469115334032
DOC_00127,Document about Arts and physics music,Arts,['physics' 'music'],Arts document about physics music. This is a sample content for the document. This is a sample content for the document. This is a sample content for the document. This is a sample content for the document. This is a sample content for the document. This is a sample content for the document. This is a sample content for the document. This is a sample content for the document. ,7.088620471995219
DOC_00128,Document about Science and statistics medieval calculus,Science,['statistics' 'medieval' 'calculus'],Science document about statistics medieval calculus. This is a sample content for the document. This is a sample content for the document. This is a sample content for the document. This is a sample content for the document. This is a sample content for the document. This is a sample content for the document. This is a sample content for the document. This is a sample content for the document. This is a sample content for the document. This is a sample content for the document. This is a sample content for the document. This is a sample content for the document. This is a sample content for the document. ,1.8143352575834568
DOC_00129,Document about Arts and physics,Arts,['physics'],Arts document about physics. This is a sample content for the document. This is a sample content for the document. This is a sample content for the document. This is a sample content for the document. This is a sample content for the document. This is a sample content for the document. This is a sample content for the document. ,8.82010562986514
DOC_00130,Document about Programming and java music,Programming,['java' 'music'],Programming document about java music. This is a sample content for the document. This is a sample content for the document. This is a sample content for the document. This is a sample content for the document. This is a sample content for the document. ,5.911181996459261
DOC_00131,Document about Science and world war II painting,Science,['world war II' 'painting'],Science document about world war II painting. This is a sample content for the document. This is a sample content for the document. This is a sample content for the document. This is a sample content for the document. This is a sample content for the document. This is a sample content for the document. This is a sample content for the document. This is a sample content for the document. This is a sample content for the document. ,8.323896594876278
DOC_00132,Document about Programming and poetry,Programming,['poetry'],Programming document about poetry. This is a sample content for the document. This is a sample content for the document. This is a sample content for the document. This is a sample content for the document. This is a sample content for the document. This is a sample content for the document. This is a sample content for the document. This is a sample content for the document. This is a sample content for the document. This is a sample content for the document. This is a sample content for the document. ,4.8777588238423
DOC_00133,Document about Arts and world war II,Arts,['world war II'],Arts document about world war II. This is a sample content for the document. This is a sample content for the document. This is a sample content for the document. This is a sample content for the document. This is a sample content for the document. This is a sample content for the document. This is a sample content for the document. This is a sample content for the document. ,3.310989109484572
DOC_00134,Document about History and music novel,History,['music' 'novel'],History document about music novel. This is a sample content for the document. This is a sample content for the document. This is a sample content for the document. This is a sample content for the document. This is a sample content for the document. This is a sample content for the document. This is a sample content for the document. This is a sample content for the document. This is a sample content for the document. This is a sample content for the document. This is a sample content for the document. ,7.130060685684845
DOC_00135,Document about Mathematics and statistics java physics,Mathematics,['statistics' 'java' 'physics'],Mathematics document about statistics java physics. This is a sample content for the document. This is a sample content for the document. This is a sample content for the document. This is a sample content for the document. This is a sample content for the document. This is a sample content for the document. This is a sample content for the document. This is a sample content for the document. This is a sample content for the document. This is a sample content for the document. This is a sample content for the document. ,6.741866852139679
DOC_00136,Document about Literature and statistics chemistry,Literature,['statistics' 'chemistry'],Literature document about statistics chemistry. This is a sample content for the document. This is a sample content for the document. This is a sample content for the document. This is a sample content for the document. This is a sample content for the document. This is a sample content for the document. This is a sample content for the document. This is a sample content for the document. This is a sample content for the document. ,3.718544516513155
DOC_00137,Document about Science and music chemistry medieval,Science,['music' 'chemistry' 'medieval'],Science document about music chemistry medieval. This is a sample content for the document. This is a sample content for the document. This is a sample content for the document. This is a sample content for the document. This is a sample content for the document. This is a sample content for the document. This is a sample content for the document. This is a sample content for the document. This is a sample content for the document. This is a sample content for the document. This is a sample content for the document. ,5.818222916583948
DOC_00138,Document about Business and music,Business,['music'],Business document about music. This is a sample content for the document. This is a sample content for the document. This is a sample content for the document. This is a sample content for the document. This is a sample content for the document. This is a sample content for the document. This is a sample content for the document. ,6.373422252061225
DOC_00139,Document about Mathematics and music physics java,Mathematics,['music' 'physics' 'java'],Mathematics document about music physics java. This is a sample content for the document. This is a sample content for the document. This is a sample content for the document. This is a sample content for the document. This is a sample content for the document. This is a sample content for the document. This is a sample content for the document. This is a sample content for the document. This is a sample content for the document. This is a sample content for the document. This is a sample content for the document. This is a sample content for the document. This is a sample content for the document. This is a sample content for the document. ,9.149723130967065
DOC_00140,Document about Literature and java poetry,Literature,['java' 'poetry'],Literature document about java poetry. This is a sample content for the document. This is a sample content for the document. This is a sample content for the document. This is a sample content for the document. This is a sample content for the document. This is a sample content for the document. ,7.026423545205657
DOC_00141,Document about History and python world war II finance,History,['python' 'world war II' 'finance'],History document about python world war II finance. This is a sample content for the document. This is a sample content for the document. This is a sample content for the document. This is a sample content for the document. This is a sample content for the document. This is a sample content for the document. ,9.947254250990508
DOC_00142,Document about Mathematics and novel painting,Mathematics,['novel' 'painting'],Mathematics document about novel painting. This is a sample content for the document. This is a sample content for the document. This is a sample content for the document. This is a sample content for the document. This is a sample content for the document. This is a sample content for the document. This is a sample content for the document. This is a sample content for the document. This is a sample content for the document. This is a sample content for the document. This is a sample content for the document. This is a sample content for the document. This is a sample content for the document. ,2.534301443565258
DOC_00143,Document about Mathematics and marketing finance,Mathematics,['marketing' 'finance'],Mathematics document about marketing finance. This is a sample content for the document. This is a sample content for the document. This is a sample content for the document. This is a sample content for the document. This is a sample content for the document. This is a sample content for the document. This is a sample content for the document. This is a sample content for the document. ,9.343008711318658
DOC_00144,Document about History and poetry,History,['poetry'],History document about poetry. This is a sample content for the document. This is a sample content for the document. This is a sample content for the document. This is a sample content for the document. This is a sample content for the document. This is a sample content for the document. ,1.5679812977123515
DOC_00145,Document about History and poetry,History,['poetry'],History document about poetry. This is a sample content for the document. This is a sample content for the document. This is a sample content for the document. This is a sample content for the document. This is a sample content for the document. This is a sample content for the document. This is a sample content for the document. This is a sample content for the document. This is a sample content for the document. This is a sample content for the document. This is a sample content for the document. ,9.481483171920098
DOC_00146,Document about Mathematics and novel painting poetry,Mathematics,['novel' 'painting' 'poetry'],Mathematics document about novel painting poetry. This is a sample content for the document. This is a sample content for the document. This is a sample content for the document. This is a sample content for the document. This is a sample content for the document. This is a sample content for the document. This is a sample content for the document. ,7.068734257681435
DOC_00147,Document about Mathematics and poetry python,Mathematics,['poetry' 'python'],Mathematics document about poetry python. This is a sample content for the document. This is a sample content for the document. This is a sample content for the document. This is a sample content for the document. This is a sample content for the document. This is a sample content for the document. ,9.615905991051283
DOC_00148,Document about Mathematics and painting medieval,Mathematics,['painting' 'medieval'],Mathematics document about painting medieval. This is a sample content for the document. This is a sample content for the document. This is a sample content for the document. This is a sample content for the document. This is a sample content for the document. This is a sample content for the document. This is a sample content for the document. This is a sample content for the document. This is a sample content for the document. This is a sample content for the document. This is a sample content for the document. This is a sample content for the document. This is a sample content for the document. ,8.426806906740113
DOC_00149,Document about Literature and finance,Literature,['finance'],Literature document about finance. This is a sample content for the document. This is a sample content for the document. This is a sample content for the document. This is a sample content for the document. This is a sample content for the document. This is a sample content for the document. This is a sample content for the document. This is a sample content for the document. ,4.955605197696191
DOC_00150,Document about History and music python calculus,History,['music' 'python' 'calculus'],History document about music python calculus. This is a sample content for the document. This is a sample content for the document. This is a sample content for the document. This is a sample content for the document. This is a sample content for the document. This is a sample content for the document. ,5.361414283169783
DOC_00151,Document about Mathematics and chemistry,Mathematics,['chemistry'],Mathematics document about chemistry. This is a sample content for the document. This is a sample content for the document. This is a sample content for the document. This is a sample content for the document. This is a sample content for the document. This is a sample content for the document. This is a sample content for the document. This is a sample content for the document. ,9.970271684676792
DOC_00152,Document about Programming and python,Programming,['python'],Programming document about python. This is a sample content for the document. This is a sample content for the document. This is a sample content for the document. This is a sample content for the document. This is a sample content for the document. This is a sample content for the document. This is a sample content for the document. ,4.309834157895606
DOC_00153,Document about History and novel python,History,['novel' 'python'],History document about novel python. This is a sample content for the document. This is a sample content for the document. This is a sample content for the document. This is a sample content for the document. This is a sample content for the document. This is a sample content for the document. This is a sample content for the document. This is a sample content for the document. This is a sample content for the document. ,7.842608408099215
DOC_00154,Document about Mathematics and world war II statistics painting,Mathematics,['world war II' 'statistics' 'painting'],Mathematics document about world war II statistics painting. This is a sample content for the document. This is a sample content for the document. This is a sample content for the document. This is a sample content for the document. This is a sample content for the document. ,5.931635400763237
DOC_00155,Document about Arts and marketing,Arts,['marketing'],Arts document about marketing. This is a sample content for the document. This is a sample content for the document. This is a sample content for the document. This is a sample content for the document. This is a sample content for the document. This is a sample content for the document. This is a sample content for the document. This is a sample content for the document. This is a sample content for the document. This is a sample content for the document. ,4.531543493756271
DOC_00156,Document about Mathematics and chemistry,Mathematics,['chemistry'],Mathematics document about chemistry. This is a sample content for the document. This is a sample content for the document. This is a sample content for the document. This is a sample content for the document. This is a sample content for the document. This is a sample content for the document. This is a sample content for the document. This is a sample content for the document. This is a sample content for the document. This is a sample content for the document. This is a sample content for the document. This is a sample content for the document. This is a sample content for the document. This is a sample content for the document. ,3.277525895207061
DOC_00157,Document about Literature and painting physics poetry,Literature,['painting' 'physics' 'poetry'],Literature document about painting physics poetry. This is a sample content for the document. This is a sample content for the document. This is a sample content for the document. This is a sample content for the document. This is a sample content for the document. This is a sample content for the document. This is a sample content for the document. This is a sample content for the document. This is a sample content for the document. ,7.63690391849337
DOC_00158,Document about Programming and chemistry java calculus,Programming,['chemistry' 'java' 'calculus'],Programming document about chemistry java calculus. This is a sample content for the document. This is a sample content for the document. This is a sample content for the document. This is a sample content for the document. This is a sample content for the document. This is a sample content for the document. This is a sample content for the document. This is a sample content for the document. This is a sample content for the document. This is a sample content for the document. This is a sample content for the document. This is a sample content for the document. This is a sample content for the document. This is a sample content for the document. ,5.157522430038602
DOC_00159,Document about History and python music poetry,History,['python' 'music' 'poetry'],History document about python music poetry. This is a sample content for the document. This is a sample content for the document. This is a sample content for the document. This is a sample content for the document. This is a sample content for the document. ,3.659002997296782
DOC_00160,Document about Programming and physics,Programming,['physics'],Programming document about physics. This is a sample content for the document. This is a sample content for the document. This is a sample content for the document. This is a sample content for the document. This is a sample content for the document. This is a sample content for the document. ,3.899939531001655
DOC_00161,Document about History and finance world war II statistics,History,['finance' 'world war II' 'statistics'],History document about finance world war II statistics. This is a sample content for the document. This is a sample content for the document. This is a sample content for the document. This is a sample content for the document. This is a sample content for the document. This is a sample content for the document. This is a sample content for the document. This is a sample content for the document. This is a sample content for the document. This is a sample content for the document. This is a sample content for the document. This is a sample content for the document. This is a sample content for the document. This is a sample content for the document. ,6.5164562424507295
DOC_00162,Document about Business and chemistry world war II,Business,['chemistry' 'world war II'],Business document about chemistry world war II. This is a sample content for the document. This is a sample content for the document. This is a sample content for the document. This is a sample content for the document. This is a sample content for the document. This is a sample content for the document. ,6.724636873568426
DOC_00163,Document about Business and poetry,Business,['poetry'],Business document about poetry. This is a sample content for the document. This is a sample content for the document. This is a sample content for the document. This is a sample content for the document. This is a sample content for the document. This is a sample content for the document. ,2.1855589610910573
DOC_00164,Document about Arts and calculus music marketing,Arts,['calculus' 'music' 'marketing'],Arts document about calculus music marketing. This is a sample content for the document. This is a sample content for the document. This is a sample content for the document. This is a sample content for the document. This is a sample content for the document. This is a sample content for the document. This is a sample content for the document. This is a sample content for the document. This is a sample content for the document. This is a sample content for the document. This is a sample content for the document. ,6.194555049587951
DOC_00165,Document about Programming and world war II,Programming,['world war II'],Programming document about world war II. This is a sample content for the document. This is a sample content for the document. This is a sample content for the document. This is a sample content for the document. This is a sample content for the document. This is a sample content for the document. This is a sample content for the document. This is a sample content for the document. This is a sample content for the document. This is a sample content for the document. This is a sample content for the document. This is a sample content for the document. This is a sample content for the document. ,5.995764543720576
DOC_00166,Document about Business and python statistics medieval,Business,['python' 'statistics' 'medieval'],Business document about python statistics medieval. This is a sample content for the document. This is a sample content for the document. This is a sample content for the document. This is a sample content for the document. This is a sample content for the document. ,1.099284528362192
DOC_00167,Document about Programming and medieval python,Programming,['medieval' 'python'],Programming document about medieval python. This is a sample content for the document. This is a sample content for the document. This is a sample content for the document. This is a sample content for the document. This is a sample content for the document. This is a sample content for the document. This is a sample content for the document. This is a sample content for the document. ,7.498638443824634
DOC_00168,Document about Business and music statistics python,Business,['music' 'statistics' 'python'],Business document about music statistics python. This is a sample content for the document. This is a sample content for the document. This is a sample content for the document. This is a sample content for the document. This is a sample content for the document. This is a sample content for the document. This is a sample content for the document. This is a sample content for the document. ,4.620944122179004
DOC_00169,Document about Arts and painting,Arts,['painting'],Arts document about painting. This is a sample content for the document. This is a sample content for the document. This is a sample content for the document. This is a sample content for the document. This is a sample content for the document. This is a sample content for the document. This is a sample content for the document. ,5.484301140371082
DOC_00170,Document about Business and finance python java,Business,['finance' 'python' 'java'],Business document about finance python java. This is a sample content for the document. This is a sample content for the document. This is a sample content for the document. This is a sample content for the document. This is a sample content for the document. ,4.9061742955648775
DOC_00171,Document about Mathematics and java poetry statistics,Mathematics,['java' 'poetry' 'statistics'],Mathematics document about java poetry statistics. This is a sample content for the document. This is a sample content for the document. This is a sample content for the document. This is a sample content for the document. This is a sample content for the document. This is a sample content for the document. This is a sample content for the document. This is a sample content for the document. This is a sample content for the document. This is a sample content for the document. ,9.920137886391734
DOC_00172,Document about History and chemistry marketing medieval,History,['chemistry' 'marketing' 'medieval'],History document about chemistry marketing medieval. This is a sample content for the document. This is a sample content for the document. This is a sample content for the document. This is a sample content for the document. This is a sample content for the document. This is a sample content for the document. This is a sample content for the document. This is a sample content for the document. This is a sample content for the document. This is a sample content for the document. ,3.457637289755312
DOC_00173,Document about Programming and medieval world war II calculus,Programming,['medieval' 'world war II' 'calculus'],Programming document about medieval world war II calculus. This is a sample content for the document. This is a sample content for the document. This is a sample content for the document. This is a sample content for the document. This is a sample content for the document. ,4.916623593298211
DOC_00174,Document about Literature and physics novel,Literature,['physics' 'novel'],Literature document about physics novel. This is a sample content for the document. This is a sample content for the document. This is a sample content for the document. This is a sample content for the document. This is a sample content for the document. This is a sample content for the document. This is a sample content for the document. This is a sample content for the document. This is a sample content for the document. This is a sample content for the document. This is a sample content for the document. This is a sample content for the document. This is a sample content for the document. ,7.762375774261411
DOC_00175,Document about Programming and painting,Programming,['painting'],Programming document about painting. This is a sample content for the document. This is a sample content for the document. This is a sample content for the document. This is a sample content for the document. This is a sample content for the document. This is a sample content for the document. This is a sample content for the document. This is a sample content for the document. This is a sample content for the document. This is a sample content for the document. This is a sample content for the document. This is a sample content for the document. This is a sample content for the document. This is a sample content for the document. ,8.603104926574193
DOC_00176,Document about Business and world war II,Business,['world war II'],Business document about world war II. This is a sample content for the document. This is a sample content for the document. This is a sample content for the document. This is a sample content for the document. This is a sample content for the document. This is a sample content for the document. This is a sample content for the document. This is a sample content for the document. This is a sample content for the document. This is a sample content for the document. This is a sample content for the document. ,1.7778214968629182
DOC_00177,Document about Arts and statistics chemistry,Arts,['statistics' 'chemistry'],Arts document about statistics chemistry. This is a sample content for the document. This is a sample content for the document. This is a sample content for the document. This is a sample content for the document. This is a sample content for the document. This is a sample content for the document. ,2.304685651418353
DOC_00178,Document about Arts and poetry java,Arts,['poetry' 'java'],Arts document about poetry java. This is a sample content for the document. This is a sample content for the document. This is a sample content for the document. This is a sample content for the document. This is a sample content for the document. This is a sample content for the document. This is a sample content for the document. This is a sample content for the document. This is a sample content for the document. ,3.027852369561116
DOC_00179,Document about Mathematics and marketing,Mathematics,['marketing'],Mathematics document about marketing. This is a sample content for the document. This is a sample content for the document. This is a sample content for the document. This is a sample content for the document. This is a sample content for the document. This is a sample content for the document. This is a sample content for the document. This is a sample content for the document. This is a sample content for the document. This is a sample content for the document. This is a sample content for the document. ,7.370515875067918
DOC_00180,Document about Programming and medieval statistics,Programming,['medieval' 'statistics'],Programming document about medieval statistics. This is a sample content for the document. This is a sample content for the document. This is a sample content for the document. This is a sample content for the document. This is a sample content for the document. This is a sample content for the document. This is a sample content for the document. ,6.858761204358587
DOC_00181,Document about Business and world war II painting java,Business,['world war II' 'painting' 'java'],Business document about world war II painting java. This is a sample content for the document. This is a sample content for the document. This is a sample content for the document. This is a sample content for the document. This is a sample content for the document. This is a sample content for the document. This is a sample content for the document. This is a sample content for the document. ,7.810763551197716
DOC_00182,Document about Business and finance marketing statistics,Business,['finance' 'marketing' 'statistics'],Business document about finance marketing statistics. This is a sample content for the document. This is a sample content for the document. This is a sample content for the document. This is a sample content for the document. This is a sample content for the document. This is a sample content for the document. This is a sample content for the document. This is a sample content for the document. This is a sample content for the document. This is a sample content for the document. This is a sample content for the document. This is a sample content for the document. This is a sample content for the document. ,1.8473671911312808
DOC_00183,Document about Science and physics,Science,['physics'],Science document about physics. This is a sample content for the document. This is a sample content for the document. This is a sample content for the document. This is a sample content for the document. This is a sample content for the document. This is a sample content for the document. This is a sample content for the document. ,2.7604834574006354
DOC_00184,Document about History and chemistry statistics,History,['chemistry' 'statistics'],History document about chemistry statistics. This is a sample content for the document. This is a sample content for the document. This is a sample content for the document. This is a sample content for the document. This is a sample content for the document. This is a sample content for the document. ,3.85085509360774
DOC_00185,Document about Science and marketing,Science,['marketing'],Science document about marketing. This is a sample content for the document. This is a sample content for the document. This is a sample content for the document. This is a sample content for the document. This is a sample content for the document. This is a sample content for the document. This is a sample content for the document. This is a sample content for the document. ,8.18733945144476
DOC_00186,Document about Business and music calculus,Business,['music' 'calculus'],Business document about music calculus. This is a sample content for the document. This is a sample content for the document. This is a sample content for the document. This is a sample content for the document. This is a sample content for the document. This is a sample content for the document. This is a sample content for the document. This is a sample content for the document. ,9.973703413734956
DOC_00187,Document about Mathematics and chemistry poetry marketing,Mathematics,['chemistry' 'poetry' 'marketing'],Mathematics document about chemistry poetry marketing. This is a sample content for the document. This is a sample content for the document. This is a sample content for the document. This is a sample content for the document. This is a sample content for the document. This is a sample content for the document. This is a sample content for the document. This is a sample content for the document. This is a sample content for the document. ,9.76111650978556
DOC_00188,Document about History and poetry,History,['poetry'],History document about poetry. This is a sample content for the document. This is a sample content for the document. This is a sample content for the document. This is a sample content for the document. This is a sample content for the document. This is a sample content for the document. This is a sample content for the document. This is a sample content for the document. This is a sample content for the document. This is a sample content for the document. This is a sample content for the document. This is a sample content for the document. This is a sample content for the document. ,4.220184387928976
DOC_00189,Document about Mathematics and calculus world war II,Mathematics,['calculus' 'world war II'],Mathematics document about calculus world war II. This is a sample content for the document. This is a sample content for the document. This is a sample content for the document. This is a sample content for the document. This is a sample content for the document. This is a sample content for the document. This is a sample content for the document. ,5.053158810148714
DOC_00190,Document about Mathematics and medieval painting music,Mathematics,['medieval' 'painting' 'music'],Mathematics document about medieval painting music. This is a sample content for the document. This is a sample content for the document. This is a sample content for the document. This is a sample content for the document. This is a sample content for the document. This is a sample content for the document. This is a sample content for the document. This is a sample content for the document. This is a sample content for the document. This is a sample content for the document. This is a sample content for the document. This is a sample content for the document. ,1.6267703334616517
DOC_00191,Document about Arts and physics chemistry,Arts,['physics' 'chemistry'],Arts document about physics chemistry. This is a sample content for the document. This is a sample content for the document. This is a sample content for the document. This is a sample content for the document. This is a sample content for the document. This is a sample content for the document. This is a sample content for the document. This is a sample content for the document. This is a sample content for the document. This is a sample content for the document. ,4.243400379373128
DOC_00192,Document about Literature and marketing java chemistry,Literature,['marketing' 'java' 'chemistry'],Literature document about marketing java chemistry. This is a sample content for the document. This is a sample content for the document. This is a sample content for the document. This is a sample content for the document. This is a sample content for the document. This is a sample content for the document. This is a sample content for the document. ,9.16475527635247
DOC_00193,Document about Science and music python marketing,Science,['music' 'python' 'marketing'],Science document about music python marketing. This is a sample content for the document. This is a sample content for the document. This is a sample content for the document. This is a sample content for the document. This is a sample content for the document. This is a sample content for the document. This is a sample content for the document. This is a sample content for the document. ,1.1620008005069349
DOC_00194,Document about Business and painting marketing,Business,['painting' 'marketing'],Business document about painting marketing. This is a sample content for the document. This is a sample content for the document. This is a sample content for the document. This is a sample content for the document. This is a sample content for the document. This is a sample content for the document. This is a sample content for the document. This is a sample content for the document. This is a sample content for the document. This is a sample content for the document. This is a sample content for the document. This is a sample content for the document. This is a sample content for the document. ,3.7427598584752
DOC_00195,Document about Arts and painting,Arts,['painting'],Arts document about painting. This is a sample content for the document. This is a sample content for the document. This is a sample content for the document. This is a sample content for the document. This is a sample content for the document. This is a sample content for the document. This is a sample content for the document. This is a sample content for the document. ,3.711387346840003
DOC_00196,Document about Science and music,Science,['music'],Science document about music. This is a sample content for the document. This is a sample content for the document. This is a sample content for the document. This is a sample content for the document. This is a sample content for the document. This is a sample content for the document. This is a sample content for the document. This is a sample content for the document. This is a sample content for the document. This is a sample content for the document. This is a sample content for the document. This is a sample content for the document. ,2.66797161575843
DOC_00197,Document about Arts and chemistry,Arts,['chemistry'],Arts document about chemistry. This is a sample content for the document. This is a sample content for the document. This is a sample content for the document. This is a sample content for the document. This is a sample content for the document. ,7.638091741835441
DOC_00198,Document about Programming and marketing,Programming,['marketing'],Programming document about marketing. This is a sample content for the document. This is a sample content for the document. This is a sample content for the document. This is a sample content for the document. This is a sample content for the document. This is a sample content for the document. This is a sample content for the document. This is a sample content for the document. This is a sample content for the document. This is a sample content for the document. This is a sample content for the document. This is a sample content for the document. This is a sample content for the document. ,4.067341298108619
DOC_00199,Document about History and painting,History,['painting'],History document about painting. This is a sample content for the document. This is a sample content for the document. This is a sample content for the document. This is a sample content for the document. This is a sample content for the document. This is a sample content for the document. This is a sample content for the document. This is a sample content for the document. ,4.460601948803313
DOC_00200,Document about Literature and calculus statistics physics,Literature,['calculus' 'statistics' 'physics'],Literature document about calculus statistics physics. This is a sample content for the document. This is a sample content for the document. This is a sample content for the document. This is a sample content for the document. This is a sample content for the document. This is a sample content for the document. This is a sample content for the document. This is a sample content for the document. This is a sample content for the document. This is a sample content for the document. ,1.4108387095214536
DOC_00201,Document about Science and painting java,Science,['painting' 'java'],Science document about painting java. This is a sample content for the document. This is a sample content for the document. This is a sample content for the document. This is a sample content for the document. This is a sample content for the document. ,1.0689762938430278
DOC_00202,Document about Business and finance music medieval,Business,['finance' 'music' 'medieval'],Business document about finance music medieval. This is a sample content for the document. This is a sample content for the document. This is a sample content for the document. This is a sample content for the document. This is a sample content for the document. This is a sample content for the document. This is a sample content for the document. This is a sample content for the document. This is a sample content for the document. This is a sample content for the document. This is a sample content for the document. This is a sample content for the document. This is a sample content for the document. ,4.573135371134725
DOC_00203,Document about Literature and calculus,Literature,['calculus'],Literature document about calculus. This is a sample content for the document. This is a sample content for the document. This is a sample content for the document. This is a sample content for the document. This is a sample content for the document. ,4.508851176473897
DOC_00204,Document about Science and medieval,Science,['medieval'],Science document about medieval. This is a sample content for the document. This is a sample content for the document. This is a sample content for the document. This is a sample content for the document. This is a sample content for the document. This is a sample content for the document. This is a sample content for the document. This is a sample content for the document. This is a sample content for the document. This is a sample content for the document. This is a sample content for the document. ,1.3650286379021328
DOC_00205,Document about History and world war II novel,History,['world war II' 'novel'],History document about world war II novel. This is a sample content for the document. This is a sample content for the document. This is a sample content for the document. This is a sample content for the document. This is a sample content for the document. This is a sample content for the document. This is a sample content for the document. This is a sample content for the document. This is a sample content for the document. This is a sample content for the document. This is a sample content for the document. This is a sample content for the document. This is a sample content for the document. This is a sample content for the document. ,3.889729873783451
DOC_00206,Document about Programming and calculus python world war II,Programming,['calculus' 'python' 'world war II'],Programming document about calculus python world war II. This is a sample content for the document. This is a sample content for the document. This is a sample content for the document. This is a sample content for the document. This is a sample content for the document. This is a sample content for the document. This is a sample content for the document. This is a sample content for the document. This is a sample content for the document. This is a sample content for the document. This is a sample content for the document. This is a sample content for the document. This is a sample content for the document. ,2.3888940875477145
DOC_00207,Document about Science and novel music,Science,['novel' 'music'],Science document about novel music. This is a sample content for the document. This is a sample content for the document. This is a sample content for the document. This is a sample content for the document. This is a sample content for the document. This is a sample content for the document. This is a sample content for the document. This is a sample content for the document. This is a sample content for the document. This is a sample content for the document. This is a sample content for the document. ,6.194798980610957
DOC_00208,Document about Mathematics and finance,Mathematics,['finance'],Mathematics document about finance. This is a sample content for the document. This is a sample content for the document. This is a sample content for the document. This is a sample content for the document. This is a sample content for the document. This is a sample content for the document. This is a sample content for the document. This is a sample content for the document. This is a sample content for the document. This is a sample content for the document. This is a sample content for the document. ,5.882809316790263
DOC_00209,Document about Business and physics chemistry,Business,['physics' 'chemistry'],Business document about physics chemistry. This is a sample content for the document. This is a sample content for the document. This is a sample content for the document. This is a sample content for the document. This is a sample content for the document. This is a sample content for the document. This is a sample content for the document. This is a sample content for the document. This is a sample content for the document. This is a sample content for the document. This is a sample content for the document. This is a sample content for the document. This is a sample content for the document. ,1.2467827897539188
DOC_00210,Document about History and marketing,History,['marketing'],History document about marketing. This is a sample content for the document. This is a sample content for the document. This is a sample content for the document. This is a sample content for the document. This is a sample content for the document. This is a sample content for the document. This is a sample content for the document. This is a sample content for the document. This is a sample content for the document. This is a sample content for the document. This is a sample content for the document. This is a sample content for the document. This is a sample content for the document. This is a sample content for the document. ,6.812401476578359
DOC_00211,Document about History and statistics poetry novel,History,['statistics' 'poetry' 'novel'],History document about statistics poetry novel. This is a sample content for the document. This is a sample content for the document. This is a sample content for the document. This is a sample content for the document. This is a sample content for the document. This is a sample content for the document. This is a sample content for the document. This is a sample content for the document. ,2.5062375982476515
DOC_00212,Document about Mathematics and python,Mathematics,['python'],Mathematics document about python. This is a sample content for the document. This is a sample content for the document. This is a sample content for the document. This is a sample content for the document. This is a sample content for the document. This is a sample content for the document. This is a sample content for the document. ,1.2101688669536732
DOC_00213,Document about Science and novel,Science,['novel'],Science document about novel. This is a sample content for the document. This is a sample content for the document. This is a sample content for the document. This is a sample content for the document. This is a sample content for the document. This is a sample content for the document. This is a sample content for the document. This is a sample content for the document. ,1.2784388025820776
DOC_00214,Document about Business and marketing,Business,['marketing'],Business document about marketing. This is a sample content for the document. This is a sample content for the document. This is a sample content for the document. This is a sample content for the document. This is a sample content for the document. This is a sample content for the document. This is a sample content for the document. ,2.5945383274467897
DOC_00215,Document about Literature and java chemistry,Literature,['java' 'chemistry'],Literature document about java chemistry. This is a sample content for the document. This is a sample content for the document. This is a sample content for the document. This is a sample content for the document. This is a sample content for the document. This is a sample content for the document. ,5.400080486132063
DOC_00216,Document about Science and calculus,Science,['calculus'],Science document about calculus. This is a sample content for the document. This is a sample content for the document. This is a sample content for the document. This is a sample content for the document. This is a sample content for the document. This is a sample content for the document. This is a sample content for the document. This is a sample content for the document. This is a sample content for the document. ,5.27991433738144
DOC_00217,Document about History and world war II painting,History,['world war II' 'painting'],History document about world war II painting. This is a sample content for the document. This is a sample content for the document. This is a sample content for the document. This is a sample content for the document. This is a sample content for the document. This is a sample content for the document. This is a sample content for the document. This is a sample content for the document. ,5.201038695080691
DOC_00218,Document about Mathematics and physics music,Mathematics,['physics' 'music'],Mathematics document about physics music. This is a sample content for the document. This is a sample content for the document. This is a sample content for the document. This is a sample content for the document. This is a sample content for the document. This is a sample content for the document. This is a sample content for the document. This is a sample content for the document. This is a sample content for the document. This is a sample content for the document. This is a sample content for the document. This is a sample content for the document. ,4.971013422897939
DOC_00219,Document about Science and medieval finance music,Science,['medieval' 'finance' 'music'],Science document about medieval finance music. This is a sample content for the document. This is a sample content for the document. This is a sample content for the document. This is a sample content for the document. This is a sample content for the document. This is a sample content for the document. This is a sample content for the document. This is a sample content for the document. ,8.259304080936493
DOC_00220,Document about Science and java marketing painting,Science,['java' 'marketing' 'painting'],Science document about java marketing painting. This is a sample content for the document. This is a sample content for the document. This is a sample content for the document. This is a sample content for the document. This is a sample content for the document. This is a sample content for the document. This is a sample content for the document. This is a sample content for the document. This is a sample content for the document. This is a sample content for the document. This is a sample content for the document. ,1.1720448498678762
DOC_00221,Document about Business and novel,Business,['novel'],Business document about novel. This is a sample content for the document. This is a sample content for the document. This is a sample content for the document. This is a sample content for the document. This is a sample content for the document. This is a sample content for the document. This is a sample content for the document. This is a sample content for the document. This is a sample content for the document. This is a sample content for the document. This is a sample content for the document. This is a sample content for the document. This is a sample content for the document. ,8.140546128748129
DOC_00222,Document about Science and music marketing physics,Science,['music' 'marketing' 'physics'],Science document about music marketing physics. This is a sample content for the document. This is a sample content for the document. This is a sample content for the document. This is a sample content for the document. This is a sample content for the document. ,1.6212658679906466
DOC_00223,Document about Literature and chemistry,Literature,['chemistry'],Literature document about chemistry. This is a sample content for the document. This is a sample content for the document. This is a sample content for the document. This is a sample content for the document. This is a sample content for the document. This is a sample content for the document. This is a sample content for the document. This is a sample content for the document. ,4.663958402130649
DOC_00224,Document about Business and novel poetry calculus,Business,['novel' 'poetry' 'calculus'],Business document about novel poetry calculus. This is a sample content for the document. This is a sample content for the document. This is a sample content for the document. This is a sample content for the document. This is a sample content for the document. This is a sample content for the document. ,1.6561165183111315
DOC_00225,Document about Literature and painting calculus python,Literature,['painting' 'calculus' 'python'],Literature document about painting calculus python. This is a sample content for the document. This is a sample content for the document. This is a sample content for the document. This is a sample content for the document. This is a sample content for the document. ,5.940824044974776
DOC_00226,Document about Business and world war II,Business,['world war II'],Business document about world war II. This is a sample content for the document. This is a sample content for the document. This is a sample content for the document. This is a sample content for the document. This is a sample content for the document. This is a sample content for the document. This is a sample content for the document. This is a sample content for the document. ,7.143554991010622
DOC_00227,Document about Business and python poetry,Business,['python' 'poetry'],Business document about python poetry. This is a sample content for the document. This is a sample content for the document. This is a sample content for the document. This is a sample content for the document. This is a sample content for the document. This is a sample content for the document. ,2.2044552669972384
DOC_00228,Document about Mathematics and poetry statistics world war II,Mathematics,['poetry' 'statistics' 'world war II'],Mathematics document about poetry statistics world war II. This is a sample content for the document. This is a sample content for the document. This is a sample content for the document. This is a sample content for the document. This is a sample content for the document. ,1.564206594596793
DOC_00229,Document about Mathematics and painting,Mathematics,['painting'],Mathematics document about painting. This is a sample content for the document. This is a sample content for the document. This is a sample content for the document. This is a sample content for the document. This is a sample content for the document. This is a sample content for the document. This is a sample content for the document. ,4.904356776188766
DOC_00230,Document about Programming and novel music,Programming,['novel' 'music'],Programming document about novel music. This is a sample content for the document. This is a sample content for the document. This is a sample content for the document. This is a sample content for the document. This is a sample content for the document. This is a sample content for the document. This is a sample content for the document. This is a sample content for the document. This is a sample content for the document. This is a sample content for the document. This is a sample content for the document. ,1.0392694268527818
DOC_00231,Document about Arts and java,Arts,['java'],Arts document about java. This is a sample content for the document. This is a sample content for the document. This is a sample content for the document. This is a sample content for the document. This is a sample content for the document. This is a sample content for the document. This is a sample content for the document. This is a sample content for the document. This is a sample content for the document. ,1.433674111539666
DOC_00232,Document about Literature and painting chemistry,Literature,['painting' 'chemistry'],Literature document about painting chemistry. This is a sample content for the document. This is a sample content for the document. This is a sample content for the document. This is a sample content for the document. This is a sample content for the document. This is a sample content for the document. This is a sample content for the document. This is a sample content for the document. ,8.653132010079059
DOC_00233,Document about Programming and statistics,Programming,['statistics'],Programming document about statistics. This is a sample content for the document. This is a sample content for the document. This is a sample content for the document. This is a sample content for the document. This is a sample content for the document. This is a sample content for the document. This is a sample content for the document. This is a sample content for the document. This is a sample content for the document. This is a sample content for the document. This is a sample content for the document. This is a sample content for the document. ,6.8647578442954895
DOC_00234,Document about Mathematics and java world war II statistics,Mathematics,['java' 'world war II' 'statistics'],Mathematics document about java world war II statistics. This is a sample content for the document. This is a sample content for the document. This is a sample content for the document. This is a sample content for the document. This is a sample content for the document. This is a sample content for the document. This is a sample content for the document. This is a sample content for the document. This is a sample content for the document. This is a sample content for the document. This is a sample content for the document. This is a sample content for the document. This is a sample content for the document. ,8.40978486838646
DOC_00235,Document about Business and finance statistics,Business,['finance' 'statistics'],Business document about finance statistics. This is a sample content for the document. This is a sample content for the document. This is a sample content for the document. This is a sample content for the document. This is a sample content for the document. This is a sample content for the document. This is a sample content for the document. ,5.43578126002702
DOC_00236,Document about Arts and statistics painting,Arts,['statistics' 'painting'],Arts document about statistics painting. This is a sample content for the document. This is a sample content for the document. This is a sample content for the document. This is a sample content for the document. This is a sample content for the document. This is a sample content for the document. This is a sample content for the document. This is a sample content for the document. This is a sample content for the document. This is a sample content for the document. This is a sample content for the document. ,7.965922403374863
DOC_00237,Document about Arts and world war II,Arts,['world war II'],Arts document about world war II. This is a sample content for the document. This is a sample content for the document. This is a sample content for the document. This is a sample content for the document. This is a sample content for the document. This is a sample content for the document. This is a sample content for the document. This is a sample content for the document. This is a sample content for the document. This is a sample content for the document. This is a sample content for the document. ,1.1579712702996603
DOC_00238,Document about Literature and java,Literature,['java'],Literature document about java. This is a sample content for the document. This is a sample content for the document. This is a sample content for the document. This is a sample content for the document. This is a sample content for the document. This is a sample content for the document. This is a sample content for the document. This is a sample content for the document. ,8.623547442855095
DOC_00239,Document about Programming and java painting marketing,Programming,['java' 'painting' 'marketing'],Programming document about java painting marketing. This is a sample content for the document. This is a sample content for the document. This is a sample content for the document. This is a sample content for the document. This is a sample content for the document. This is a sample content for the document. This is a sample content for the document. This is a sample content for the document. This is a sample content for the document. This is a sample content for the document. This is a sample content for the document. This is a sample content for the document. This is a sample content for the document. ,9.436405943478889
DOC_00240,Document about Mathematics and chemistry,Mathematics,['chemistry'],Mathematics document about chemistry. This is a sample content for the document. This is a sample content for the document. This is a sample content for the document. This is a sample content for the document. This is a sample content for the document. This is a sample content for the document. This is a sample content for the document. This is a sample content for the document. This is a sample content for the document. This is a sample content for the document. ,4.291126734352342
DOC_00241,Document about Science and medieval calculus,Science,['medieval' 'calculus'],Science document about medieval calculus. This is a sample content for the document. This is a sample content for the document. This is a sample content for the document. This is a sample content for the document. This is a sample content for the document. This is a sample content for the document. This is a sample content for the document. This is a sample content for the document. This is a sample content for the document. This is a sample content for the document. This is a sample content for the document. This is a sample content for the document. ,6.723592364473556
DOC_00242,Document about Arts and java physics world war II,Arts,['java' 'physics' 'world war II'],Arts document about java physics world war II. This is a sample content for the document. This is a sample content for the document. This is a sample content for the document. This is a sample content for the document. This is a sample content for the document. This is a sample content for the document. ,7.210869024140591
DOC_00243,Document about Mathematics and poetry,Mathematics,['poetry'],Mathematics document about poetry. This is a sample content for the document. This is a sample content for the document. This is a sample content for the document. This is a sample content for the document. This is a sample content for the document. This is a sample content for the document. This is a sample content for the document. This is a sample content for the document. This is a sample content for the document. This is a sample content for the document. This is a sample content for the document. This is a sample content for the document. This is a sample content for the document. This is a sample content for the document. ,7.11658299461597
DOC_00244,Document about Literature and marketing novel,Literature,['marketing' 'novel'],Literature document about marketing novel. This is a sample content for the document. This is a sample content for the document. This is a sample content for the document. This is a sample content for the document. This is a sample content for the document. This is a sample content for the document. ,8.684064295342004
DOC_00245,Document about History and finance chemistry,History,['finance' 'chemistry'],History document about finance chemistry. This is a sample content for the document. This is a sample content for the document. This is a sample content for the document. This is a sample content for the document. This is a sample content for the document. This is a sample content for the document. This is a sample content for the document. This is a sample content for the document. This is a sample content for the document. This is a sample content for the document. This is a sample content for the document. ,2.925613348194132
DOC_00246,Document about Mathematics and novel painting,Mathematics,['novel' 'painting'],Mathematics document about novel painting. This is a sample content for the document. This is a sample content for the document. This is a sample content for the document. This is a sample content for the document. This is a sample content for the document. This is a sample content for the document. This is a sample content for the document. This is a sample content for the document. This is a sample content for the document. This is a sample content for the document. This is a sample content for the document. This is a sample content for the document. This is a sample content for the document. This is a sample content for the document. ,5.29210095821173
DOC_00247,Document about History and novel statistics poetry,History,['novel' 'statistics' 'poetry'],History document about novel statistics poetry. This is a sample content for the document. This is a sample content for the document. This is a sample content for the document. This is a sample content for the document. This is a sample content for the document. This is a sample content for the document. This is a sample content for the document. This is a sample content for the document. This is a sample content for the document. This is a sample content for the document. This is a sample content for the document. This is a sample content for the document. This is a sample content for the document. This is a sample content for the document. ,8.059787722030759
DOC_00248,Document about History and novel calculus,History,['novel' 'calculus'],History document about novel calculus. This is a sample content for the document. This is a sample content for the document. This is a sample content for the document. This is a sample content for the document. This is a sample content for the document. This is a sample content for the document. This is a sample content for the document. ,9.051785178198712
DOC_00249,Document about Literature and painting music,Literature,['painting' 'music'],Literature document about painting music. This is a sample content for the document. This is a sample content for the document. This is a sample content for the document. This is a sample content for the document. This is a sample content for the document. This is a sample content for the document. This is a sample content for the document. This is a sample content for the document. ,1.8164953201143792
DOC_00250,Document about Business and medieval music novel,Business,['medieval' 'music' 'novel'],Business document about medieval music novel. This is a sample content for the document. This is a sample content for the document. This is a sample content for the document. This is a sample content for the document. This is a sample content for the document. This is a sample content for the document. ,6.909679663370885
DOC_00251,Document about Mathematics and finance,Mathematics,['finance'],Mathematics document about finance. This is a sample content for the document. This is a sample content for the document. This is a sample content for the document. This is a sample content for the document. This is a sample content for the document. This is a sample content for the document. This is a sample content for the document. This is a sample content for the document. This is a sample content for the document. This is a sample content for the document. This is a sample content for the document. This is a sample content for the document. ,3.54230869579324
DOC_00252,Document about Literature and world war II,Literature,['world war II'],Literature document about world war II. This is a sample content for the document. This is a sample content for the document. This is a sample content for the document. This is a sample content for the document. This is a sample content for the document. This is a sample content for the document. This is a sample content for the document. This is a sample content for the document. ,8.408447476379735
DOC_00253,Document about History and finance physics music,History,['finance' 'physics' 'music'],History document about finance physics music. This is a sample content for the document. This is a sample content for the document. This is a sample content for the document. This is a sample content for the document. This is a sample content for the document. This is a sample content for the document. This is a sample content for the document. ,5.562283941656512
DOC_00254,Document about Science and chemistry physics python,Science,['chemistry' 'physics' 'python'],Science document about chemistry physics python. This is a sample content for the document. This is a sample content for the document. This is a sample content for the document. This is a sample content for the document. This is a sample content for the document. This is a sample content for the document. This is a sample content for the document. This is a sample content for the document. This is a sample content for the document. This is a sample content for the document. This is a sample content for the document. ,1.408629533218233
DOC_00255,Document about History and medieval statistics java,History,['medieval' 'statistics' 'java'],History document about medieval statistics java. This is a sample content for the document. This is a sample content for the document. This is a sample content for the document. This is a sample content for the document. This is a sample content for the document. This is a sample content for the document. This is a sample content for the document. This is a sample content for the document. This is a sample content for the document. This is a sample content for the document. This is a sample content for the document. ,2.832205397917244
DOC_00256,Document about Literature and java,Literature,['java'],Literature document about java. This is a sample content for the document. This is a sample content for the document. This is a sample content for the document. This is a sample content for the document. This is a sample content for the document. This is a sample content for the document. This is a sample content for the document. This is a sample content for the document. This is a sample content for the document. This is a sample content for the document. This is a sample content for the document. This is a sample content for the document. This is a sample content for the document. This is a sample content for the document. ,3.726378150763863
DOC_00257,Document about Business and marketing,Business,['marketing'],Business document about marketing. This is a sample content for the document. This is a sample content for the document. This is a sample content for the document. This is a sample content for the document. This is a sample content for the document. This is a sample content for the document. This is a sample content for the document. This is a sample content for the document. This is a sample content for the document. This is a sample content for the document. This is a sample content for the document. ,5.900472631934786
DOC_00258,Document about Mathematics and music physics world war II,Mathematics,['music' 'physics' 'world war II'],Mathematics document about music physics world war II. This is a sample content for the document. This is a sample content for the document. This is a sample content for the document. This is a sample content for the document. This is a sample content for the document. This is a sample content for the document. This is a sample content for the document. This is a sample content for the document. This is a sample content for the document. ,6.040825276990559
DOC_00259,Document about Programming and physics,Programming,['physics'],Programming document about physics. This is a sample content for the document. This is a sample content for the document. This is a sample content for the document. This is a sample content for the document. This is a sample content for the document. This is a sample content for the document. This is a sample content for the document. This is a sample content for the document. This is a sample content for the document. This is a sample content for the document. This is a sample content for the document. ,8.654244532847539
DOC_00260,Document about Programming and music,Programming,['music'],Programming document about music. This is a sample content for the document. This is a sample content for the document. This is a sample content for the document. This is a sample content for the document. This is a sample content for the document. This is a sample content for the document. This is a sample content for the document. This is a sample content for the document. This is a sample content for the document. This is a sample content for the document. This is a sample content for the document. ,5.943787943320936
DOC_00261,Document about Programming and world war II chemistry physics,Programming,['world war II' 'chemistry' 'physics'],Programming document about world war II chemistry physics. This is a sample content for the document. This is a sample content for the document. This is a sample content for the document. This is a sample content for the document. This is a sample content for the document. This is a sample content for the document. This is a sample content for the document. This is a sample content for the document. This is a sample content for the document. This is a sample content for the document. This is a sample content for the document. ,3.114760644963575
DOC_00262,Document about Science and painting,Science,['painting'],Science document about painting. This is a sample content for the document. This is a sample content for the document. This is a sample content for the document. This is a sample content for the document. This is a sample content for the document. This is a sample content for the document. This is a sample content for the document. ,9.57220405019062
DOC_00263,Document about Science and finance painting music,Science,['finance' 'painting' 'music'],Science document about finance painting music. This is a sample content for the document. This is a sample content for the document. This is a sample content for the document. This is a sample content for the document. This is a sample content for the document. This is a sample content for the document. This is a sample content for the document. This is a sample content for the document. This is a sample content for the document. This is a sample content for the document. This is a sample content for the document. This is a sample content for the document. ,9.417673886907949
DOC_00264,Document about Mathematics and marketing world war II poetry,Mathematics,['marketing' 'world war II' 'poetry'],Mathematics document about marketing world war II poetry. This is a sample content for the document. This is a sample content for the document. This is a sample content for the document. This is a sample content for the document. This is a sample content for the document. ,9.41494988654889
DOC_00265,Document about Literature and world war II,Literature,['world war II'],Literature document about world war II. This is a sample content for the document. This is a sample content for the document. This is a sample content for the document. This is a sample content for the document. This is a sample content for the document. This is a sample content for the document. This is a sample content for the document. This is a sample content for the document. This is a sample content for the document. This is a sample content for the document. This is a sample content for the document. ,9.50003724424873
DOC_00266,Document about Literature and finance marketing,Literature,['finance' 'marketing'],Literature document about finance marketing. This is a sample content for the document. This is a sample content for the document. This is a sample content for the document. This is a sample content for the document. This is a sample content for the document. This is a sample content for the document. This is a sample content for the document. This is a sample content for the document. This is a sample content for the document. This is a sample content for the document. This is a sample content for the document. This is a sample content for the document. This is a sample content for the document. This is a sample content for the document. ,5.051048738273299
DOC_00267,Document about Mathematics and world war II,Mathematics,['world war II'],Mathematics document about world war II. This is a sample content for the document. This is a sample content for the document. This is a sample content for the document. This is a sample content for the document. This is a sample content for the document. This is a sample content for the document. This is a sample content for the document. This is a sample content for the document. This is a sample content for the document. This is a sample content for the document. This is a sample content for the document. ,3.3784863684277537
DOC_00268,Document about Mathematics and calculus world war II,Mathematics,['calculus' 'world war II'],Mathematics document about calculus world war II. This is a sample content for the document. This is a sample content for the document. This is a sample content for the document. This is a sample content for the document. This is a sample content for the document. This is a sample content for the document. This is a sample content for the document. This is a sample content for the document. ,3.6756171127660022
DOC_00269,Document about Business and world war II finance music,Business,['world war II' 'finance' 'music'],Business document about world war II finance music. This is a sample content for the document. This is a sample content for the document. This is a sample content for the document. This is a sample content for the document. This is a sample content for the document. This is a sample content for the document. This is a sample content for the document. This is a sample content for the document. This is a sample content for the document. This is a sample content for the document. ,3.816166547922834
DOC_00270,Document about History and medieval world war II finance,History,['medieval' 'world war II' 'finance'],History document about medieval world war II finance. This is a sample content for the document. This is a sample content for the document. This is a sample content for the document. This is a sample content for the document. This is a sample content for the document. This is a sample content for the document. This is a sample content for the document. This is a sample content for the document. This is a sample content for the document. This is a sample content for the document. This is a sample content for the document. This is a sample content for the document. ,6.288272839984617
DOC_00271,Document about Mathematics and physics java,Mathematics,['physics' 'java'],Mathematics document about physics java. This is a sample content for the document. This is a sample content for the document. This is a sample content for the document. This is a sample content for the document. This is a sample content for the document. This is a sample content for the document. This is a sample content for the document. This is a sample content for the document. ,7.531533193276929
DOC_00272,Document about Business and medieval novel,Business,['medieval' 'novel'],Business document about medieval novel. This is a sample content for the document. This is a sample content for the document. This is a sample content for the document. This is a sample content for the document. This is a sample content for the document. This is a sample content for the document. This is a sample content for the document. This is a sample content for the document. ,4.909629871059488
DOC_00273,Document about Programming and world war II finance painting,Programming,['world war II' 'finance' 'painting'],Programming document about world war II finance painting. This is a sample content for the document. This is a sample content for the document. This is a sample content for the document. This is a sample content for the document. This is a sample content for the document. This is a sample content for the document. This is a sample content for the document. This is a sample content for the document. This is a sample content for the document. ,8.897230419890338
DOC_00274,Document about History and world war II music calculus,History,['world war II' 'music' 'calculus'],History document about world war II music calculus. This is a sample content for the document. This is a sample content for the document. This is a sample content for the document. This is a sample content for the document. This is a sample content for the document. This is a sample content for the document. ,4.349803526426973
DOC_00275,Document about Arts and world war II finance,Arts,['world war II' 'finance'],Arts document about world war II finance. This is a sample content for the document. This is a sample content for the document. This is a sample content for the document. This is a sample content for the document. This is a sample content for the document. This is a sample content for the document. This is a sample content for the document. This is a sample content for the document. This is a sample content for the document. This is a sample content for the document. This is a sample content for the document. This is a sample content for the document. This is a sample content for the document. This is a sample content for the document. ,4.8474608532108325
DOC_00276,Document about Literature and medieval calculus,Literature,['medieval' 'calculus'],Literature document about medieval calculus. This is a sample content for the document. This is a sample content for the document. This is a sample content for the document. This is a sample content for the document. This is a sample content for the document. This is a sample content for the document. This is a sample content for the document. This is a sample content for the document. This is a sample content for the document. This is a sample content for the document. This is a sample content for the document. This is a sample content for the document. This is a sample content for the document. This is a sample content for the document. ,3.235452478688868
DOC_00277,Document about History and marketing music,History,['marketing' 'music'],History document about marketing music. This is a sample content for the document. This is a sample content for the document. This is a sample content for the document. This is a sample content for the document. This is a sample content for the document. This is a sample content for the document. This is a sample content for the document. This is a sample content for the document. ,6.312093932358034
DOC_00278,Document about Arts and marketing,Arts,['marketing'],Arts document about marketing. This is a sample content for the document. This is a sample content for the document. This is a sample content for the document. This is a sample content for the document. This is a sample content for the document. This is a sample content for the document. This is a sample content for the document. This is a sample content for the document. This is a sample content for the document. This is a sample content for the document. ,2.0069255489421147
DOC_00279,Document about Literature and painting,Literature,['painting'],Literature document about painting. This is a sample content for the document. This is a sample content for the document. This is a sample content for the document. This is a sample content for the document. This is a sample content for the document. This is a sample content for the document. This is a sample content for the document. This is a sample content for the document. ,9.321049498391243
DOC_00280,Document about Science and painting statistics,Science,['painting' 'statistics'],Science document about painting statistics. This is a sample content for the document. This is a sample content for the document. This is a sample content for the document. This is a sample content for the document. This is a sample content for the document. ,5.550707380797629
DOC_00281,Document about Arts and calculus,Arts,['calculus'],Arts document about calculus. This is a sample content for the document. This is a sample content for the document. This is a sample content for the document. This is a sample content for the document. This is a sample content for the document. This is a sample content for the document. This is a sample content for the document. This is a sample content for the document. This is a sample content for the document. This is a sample content for the document. This is a sample content for the document. ,5.156591331475993
DOC_00282,Document about Business and poetry,Business,['poetry'],Business document about poetry. This is a sample content for the document. This is a sample content for the document. This is a sample content for the document. This is a sample content for the document. This is a sample content for the document. This is a sample content for the document. ,3.671080138178655
DOC_00283,Document about Business and chemistry,Business,['chemistry'],Business document about chemistry. This is a sample content for the document. This is a sample content for the document. This is a sample content for the document. This is a sample content for the document. This is a sample content for the document. This is a sample content for the document. This is a sample content for the document. This is a sample content for the document. This is a sample content for the document. This is a sample content for the document. This is a sample content for the document. ,1.5195894330260549
DOC_00284,Document about Business and physics java calculus,Business,['physics' 'java' 'calculus'],Business document about physics java calculus. This is a sample content for the document. This is a sample content for the document. This is a sample content for the document. This is a sample content for the document. This is a sample content for the document. This is a sample content for the document. This is a sample content for the document. This is a sample content for the document. This is a sample content for the document. This is a sample content for the document. This is a sample content for the document. This is a sample content for the document. ,7.319314865636465
DOC_00285,Document about Programming and novel,Programming,['novel'],Programming document about novel. This is a sample content for the document. This is a sample content for the document. This is a sample content for the document. This is a sample content for the document. This is a sample content for the document. This is a sample content for the document. This is a sample content for the document. This is a sample content for the document. This is a sample content for the document. This is a sample content for the document. This is a sample content for the document. ,2.2855776833289867
DOC_00286,Document about Mathematics and novel,Mathematics,['novel'],Mathematics document about novel. This is a sample content for the document. This is a sample content for the document. This is a sample content for the document. This is a sample content for the document. This is a sample content for the document. ,8.715780121247569
DOC_00287,Document about Science and music,Science,['music'],Science document about music. This is a sample content for the document. This is a sample content for the document. This is a sample content for the document. This is a sample content for the document. This is a sample content for the document. This is a sample content for the document. This is a sample content for the document. This is a sample content for the document. This is a sample content for the document. This is a sample content for the document. This is a sample content for the document. This is a sample content for the document. This is a sample content for the document. ,5.365851939815862
DOC_00288,Document about Science and calculus medieval,Science,['calculus' 'medieval'],Science document about calculus medieval. This is a sample content for the document. This is a sample content for the document. This is a sample content for the document. This is a sample content for the document. This is a sample content for the document. This is a sample content for the document. This is a sample content for the document. This is a sample content for the document. This is a sample content for the document. This is a sample content for the document. This is a sample content for the document. This is a sample content for the document. This is a sample content for the document. ,8.231838935163431
DOC_00289,Document about Science and statistics java,Science,['statistics' 'java'],Science document about statistics java. This is a sample content for the document. This is a sample content for the document. This is a sample content for the document. This is a sample content for the document. This is a sample content for the document. This is a sample content for the document. ,5.62031389202424
DOC_00290,Document about Business and python music java,Business,['python' 'music' 'java'],Business document about python music java. This is a sample content for the document. This is a sample content for the document. This is a sample content for the document. This is a sample content for the document. This is a sample content for the document. This is a sample content for the document. This is a sample content for the document. This is a sample content for the document. ,1.407873510648051
DOC_00291,Document about Arts and statistics poetry chemistry,Arts,['statistics' 'poetry' 'chemistry'],Arts document about statistics poetry chemistry. This is a sample content for the document. This is a sample content for the document. This is a sample content for the document. This is a sample content for the document. This is a sample content for the document. This is a sample content for the document. This is a sample content for the document. This is a sample content for the document. This is a sample content for the document. This is a sample content for the document. This is a sample content for the document. This is a sample content for the document. This is a sample content for the document. This is a sample content for the document. ,8.037639794421633
DOC_00292,Document about Literature and java music,Literature,['java' 'music'],Literature document about java music. This is a sample content for the document. This is a sample content for the document. This is a sample content for the document. This is a sample content for the document. This is a sample content for the document. This is a sample content for the document. This is a sample content for the document. This is a sample content for the document. This is a sample content for the document. This is a sample content for the document. ,7.749800186068637
DOC_00293,Document about Programming and music python medieval,Programming,['music' 'python' 'medieval'],Programming document about music python medieval. This is a sample content for the document. This is a sample content for the document. This is a sample content for the document. This is a sample content for the document. This is a sample content for the document. This is a sample content for the document. This is a sample content for the document. This is a sample content for the document. This is a sample content for the document. This is a sample content for the document. ,4.475907935353276
DOC_00294,Document about Science and physics,Science,['physics'],Science document about physics. This is a sample content for the document. This is a sample content for the document. This is a sample content for the document. This is a sample content for the document. This is a sample content for the document. This is a sample content for the document. ,9.62648052100966
DOC_00295,Document about Programming and poetry painting,Programming,['poetry' 'painting'],Programming document about poetry painting. This is a sample content for the document. This is a sample content for the document. This is a sample content for the document. This is a sample content for the document. This is a sample content for the document. This is a sample content for the document. This is a sample content for the document. This is a sample content for the document. ,8.413906562192107
DOC_00296,Document about Mathematics and statistics finance python,Mathematics,['statistics' 'finance' 'python'],Mathematics document about statistics finance python. This is a sample content for the document. This is a sample content for the document. This is a sample content for the document. This is a sample content for the document. This is a sample content for the document. This is a sample content for the document. This is a sample content for the document. This is a sample content for the document. This is a sample content for the document. This is a sample content for the document. This is a sample content for the document. This is a sample content for the document. ,1.2803418351405196
DOC_00297,Document about Arts and finance poetry,Arts,['finance' 'poetry'],Arts document about finance poetry. This is a sample content for the document. This is a sample content for the document. This is a sample content for the document. This is a sample content for the document. This is a sample content for the document. This is a sample content for the document. This is a sample content for the document. This is a sample content for the document. This is a sample content for the document. This is a sample content for the document. This is a sample content for the document. This is a sample content for the document. ,3.92761556525573
DOC_00298,Document about Literature and world war II novel poetry,Literature,['world war II' 'novel' 'poetry'],Literature document about world war II novel poetry. This is a sample content for the document. This is a sample content for the document. This is a sample content for the document. This is a sample content for the document. This is a sample content for the document. This is a sample content for the document. This is a sample content for the document. This is a sample content for the document. ,9.127843550888844
DOC_00299,Document about Literature and world war II java physics,Literature,['world war II' 'java' 'physics'],Literature document about world war II java physics. This is a sample content for the document. This is a sample content for the document. This is a sample content for the document. This is a sample content for the document. This is a sample content for the document. This is a sample content for the document. This is a sample content for the document. This is a sample content for the document. This is a sample content for the document. ,3.0881636227792963
DOC_00300,Document about Business and chemistry poetry finance,Business,['chemistry' 'poetry' 'finance'],Business document about chemistry poetry finance. This is a sample content for the document. This is a sample content for the document. This is a sample content for the document. This is a sample content for the document. This is a sample content for the document. This is a sample content for the document. This is a sample content for the document. This is a sample content for the document. This is a sample content for the document. This is a sample content for the document. This is a sample content for the document. This is a sample content for the document. This is a sample content for the document. This is a sample content for the document. ,4.51534246823604
DOC_00301,Document about History and physics,History,['physics'],History document about physics. This is a sample content for the document. This is a sample content for the document. This is a sample content for the document. This is a sample content for the document. This is a sample content for the document. This is a sample content for the document. This is a sample content for the document. This is a sample content for the document. This is a sample content for the document. ,9.960679985489952
DOC_00302,Document about History and physics finance,History,['physics' 'finance'],History document about physics finance. This is a sample content for the document. This is a sample content for the document. This is a sample content for the document. This is a sample content for the document. This is a sample content for the document. This is a sample content for the document. This is a sample content for the document. This is a sample content for the document. This is a sample content for the document. This is a sample content for the document. This is a sample content for the document. ,8.772772791669544
DOC_00303,Document about Arts and calculus finance painting,Arts,['calculus' 'finance' 'painting'],Arts document about calculus finance painting. This is a sample content for the document. This is a sample content for the document. This is a sample content for the document. This is a sample content for the document. This is a sample content for the document. ,2.6142040926031687
DOC_00304,Document about History and world war II poetry,History,['world war II' 'poetry'],History document about world war II poetry. This is a sample content for the document. This is a sample content for the document. This is a sample content for the document. This is a sample content for the document. This is a sample content for the document. This is a sample content for the document. This is a sample content for the document. This is a sample content for the document. This is a sample content for the document. This is a sample content for the document. ,5.823415709669064
DOC_00305,Document about Mathematics and poetry finance,Mathematics,['poetry' 'finance'],Mathematics document about poetry finance. This is a sample content for the document. This is a sample content for the document. This is a sample content for the document. This is a sample content for the document. This is a sample content for the document. This is a sample content for the document. This is a sample content for the document. This is a sample content for the document. ,1.2856938883568976
DOC_00306,Document about Mathematics and chemistry java,Mathematics,['chemistry' 'java'],Mathematics document about chemistry java. This is a sample content for the document. This is a sample content for the document. This is a sample content for the document. This is a sample content for the document. This is a sample content for the document. This is a sample content for the document. This is a sample content for the document. This is a sample content for the document. This is a sample content for the document. ,9.076292792118387
DOC_00307,Document about Arts and chemistry statistics java,Arts,['chemistry' 'statistics' 'java'],Arts document about chemistry statistics java. This is a sample content for the document. This is a sample content for the document. This is a sample content for the document. This is a sample content for the document. This is a sample content for the document. This is a sample content for the document. This is a sample content for the document. ,5.966894227790671
DOC_00308,Document about Mathematics and music python,Mathematics,['music' 'python'],Mathematics document about music python. This is a sample content for the document. This is a sample content for the document. This is a sample content for the document. This is a sample content for the document. This is a sample content for the document. This is a sample content for the document. This is a sample content for the document. This is a sample content for the document. This is a sample content for the document. This is a sample content for the document. This is a sample content for the document. This is a sample content for the document. This is a sample content for the document. ,9.709853187426058
DOC_00309,Document about History and statistics java chemistry,History,['statistics' 'java' 'chemistry'],History document about statistics java chemistry. This is a sample content for the document. This is a sample content for the document. This is a sample content for the document. This is a sample content for the document. This is a sample content for the document. This is a sample content for the document. This is a sample content for the document. This is a sample content for the document. This is a sample content for the document. This is a sample content for the document. ,9.084142575579117
DOC_00310,Document about Mathematics and python painting,Mathematics,['python' 'painting'],Mathematics document about python painting. This is a sample content for the document. This is a sample content for the document. This is a sample content for the document. This is a sample content for the document. This is a sample content for the document. This is a sample content for the document. This is a sample content for the document. This is a sample content for the document. This is a sample content for the document. This is a sample content for the document. This is a sample content for the document. This is a sample content for the document. ,3.7326154432945615
DOC_00311,Document about Science and statistics calculus,Science,['statistics' 'calculus'],Science document about statistics calculus. This is a sample content for the document. This is a sample content for the document. This is a sample content for the document. This is a sample content for the document. This is a sample content for the document. This is a sample content for the document. This is a sample content for the document. This is a sample content for the document. This is a sample content for the document. This is a sample content for the document. This is a sample content for the document. This is a sample content for the document. This is a sample content for the document. ,6.168588175811899
DOC_00312,Document about Science and chemistry,Science,['chemistry'],Science document about chemistry. This is a sample content for the document. This is a sample content for the document. This is a sample content for the document. This is a sample content for the document. This is a sample content for the document. This is a sample content for the document. This is a sample content for the document. This is a sample content for the document. This is a sample content for the document. This is a sample content for the document. This is a sample content for the document. This is a sample content for the document. This is a sample content for the document. ,5.433121636779679
DOC_00313,Document about History and chemistry physics,History,['chemistry' 'physics'],History document about chemistry physics. This is a sample content for the document. This is a sample content for the document. This is a sample content for the document. This is a sample content for the document. This is a sample content for the document. ,8.360706750895265
DOC_00314,Document about Business and finance java statistics,Business,['finance' 'java' 'statistics'],Business document about finance java statistics. This is a sample content for the document. This is a sample content for the document. This is a sample content for the document. This is a sample content for the document. This is a sample content for the document. This is a sample content for the document. This is a sample content for the document. This is a sample content for the document. This is a sample content for the document. This is a sample content for the document. ,8.692331050838778
DOC_00315,Document about Literature and world war II painting,Literature,['world war II' 'painting'],Literature document about world war II painting. This is a sample content for the document. This is a sample content for the document. This is a sample content for the document. This is a sample content for the document. This is a sample content for the document. This is a sample content for the document. This is a sample content for the document. ,9.450054640371476
DOC_00316,Document about Science and medieval,Science,['medieval'],Science document about medieval. This is a sample content for the document. This is a sample content for the document. This is a sample content for the document. This is a sample content for the document. This is a sample content for the document. This is a sample content for the document. This is a sample content for the document. This is a sample content for the document. This is a sample content for the document. This is a sample content for the document. ,7.765085548206273
DOC_00317,Document about Literature and painting world war II physics,Literature,['painting' 'world war II' 'physics'],Literature document about painting world war II physics. This is a sample content for the document. This is a sample content for the document. This is a sample content for the document. This is a sample content for the document. This is a sample content for the document. This is a sample content for the document. This is a sample content for the document. This is a sample content for the document. This is a sample content for the document. This is a sample content for the document. This is a sample content for the document. This is a sample content for the document. ,5.375174366934317
DOC_00318,Document about Mathematics and chemistry java statistics,Mathematics,['chemistry' 'java' 'statistics'],Mathematics document about chemistry java statistics. This is a sample content for the document. This is a sample content for the document. This is a sample content for the document. This is a sample content for the document. This is a sample content for the document. This is a sample content for the document. This is a sample content for the document. This is a sample content for the document. This is a sample content for the document. This is a sample content for the document. ,4.869866927089538
DOC_00319,Document about Programming and finance chemistry,Programming,['finance' 'chemistry'],Programming document about finance chemistry. This is a sample content for the document. This is a sample content for the document. This is a sample content for the document. This is a sample content for the document. This is a sample content for the document. This is a sample content for the document. This is a sample content for the document. This is a sample content for the document. ,5.588686085954119
DOC_00320,Document about Arts and medieval,Arts,['medieval'],Arts document about medieval. This is a sample content for the document. This is a sample content for the document. This is a sample content for the document. This is a sample content for the document. This is a sample content for the document. This is a sample content for the document. This is a sample content for the document. This is a sample content for the document. This is a sample content for the document. This is a sample content for the document. This is a sample content for the document. This is a sample content for the document. This is a sample content for the document. ,4.024063530910979
DOC_00321,Document about History and world war II,History,['world war II'],History document about world war II. This is a sample content for the document. This is a sample content for the document. This is a sample content for the document. This is a sample content for the document. This is a sample content for the document. ,2.8970330441921943
DOC_00322,Document about Mathematics and calculus,Mathematics,['calculus'],Mathematics document about calculus. This is a sample content for the document. This is a sample content for the document. This is a sample content for the document. This is a sample content for the document. This is a sample content for the document. This is a sample content for the document. This is a sample content for the document. This is a sample content for the document. This is a sample content for the document. This is a sample content for the document. This is a sample content for the document. This is a sample content for the document. ,7.977196466514544
DOC_00323,Document about Science and music chemistry novel,Science,['music' 'chemistry' 'novel'],Science document about music chemistry novel. This is a sample content for the document. This is a sample content for the document. This is a sample content for the document. This is a sample content for the document. This is a sample content for the document. This is a sample content for the document. This is a sample content for the document. This is a sample content for the document. This is a sample content for the document. This is a sample content for the document. This is a sample content for the document. This is a sample content for the document. ,3.857947302318296
DOC_00324,Document about Mathematics and novel painting,Mathematics,['novel' 'painting'],Mathematics document about novel painting. This is a sample content for the document. This is a sample content for the document. This is a sample content for the document. This is a sample content for the document. This is a sample content for the document. This is a sample content for the document. This is a sample content for the document. This is a sample content for the document. This is a sample content for the document. This is a sample content for the document. This is a sample content for the document. This is a sample content for the document. This is a sample content for the document. This is a sample content for the document. ,7.4444497591793
DOC_00325,Document about Programming and world war II novel chemistry,Programming,['world war II' 'novel' 'chemistry'],Programming document about world war II novel chemistry. This is a sample content for the document. This is a sample content for the document. This is a sample content for the document. This is a sample content for the document. This is a sample content for the document. This is a sample content for the document. This is a sample content for the document. This is a sample content for the document. This is a sample content for the document. This is a sample content for the document. This is a sample content for the document. This is a sample content for the document. ,9.450967798773798
DOC_00326,Document about Mathematics and poetry calculus,Mathematics,['poetry' 'calculus'],Mathematics document about poetry calculus. This is a sample content for the document. This is a sample content for the document. This is a sample content for the document. This is a sample content for the document. This is a sample content for the document. This is a sample content for the document. This is a sample content for the document. This is a sample content for the document. This is a sample content for the document. This is a sample content for the document. ,6.957222693733104
DOC_00327,Document about Mathematics and marketing chemistry,Mathematics,['marketing' 'chemistry'],Mathematics document about marketing chemistry. This is a sample content for the document. This is a sample content for the document. This is a sample content for the document. This is a sample content for the document. This is a sample content for the document. This is a sample content for the document. ,8.705192491123691
DOC_00328,Document about Mathematics and marketing physics music,Mathematics,['marketing' 'physics' 'music'],Mathematics document about marketing physics music. This is a sample content for the document. This is a sample content for the document. This is a sample content for the document. This is a sample content for the document. This is a sample content for the document. ,8.402451843612043
DOC_00329,Document about Literature and statistics java,Literature,['statistics' 'java'],Literature document about statistics java. This is a sample content for the document. This is a sample content for the document. This is a sample content for the document. This is a sample content for the document. This is a sample content for the document. This is a sample content for the document. This is a sample content for the document. This is a sample content for the document. This is a sample content for the document. ,4.196184829784313
DOC_00330,Document about Science and medieval painting python,Science,['medieval' 'painting' 'python'],Science document about medieval painting python. This is a sample content for the document. This is a sample content for the document. This is a sample content for the document. This is a sample content for the document. This is a sample content for the document. ,1.744606356613037
DOC_00331,Document about Science and java,Science,['java'],Science document about java. This is a sample content for the document. This is a sample content for the document. This is a sample content for the document. This is a sample content for the document. This is a sample content for the document. This is a sample content for the document. ,7.649800094197294
DOC_00332,Document about History and statistics python chemistry,History,['statistics' 'python' 'chemistry'],History document about statistics python chemistry. This is a sample content for the document. This is a sample content for the document. This is a sample content for the document. This is a sample content for the document. This is a sample content for the document. This is a sample content for the document. This is a sample content for the document. This is a sample content for the document. This is a sample content for the document. This is a sample content for the document. This is a sample content for the document. ,9.727512695181794
DOC_00333,Document about Literature and marketing music statistics,Literature,['marketing' 'music' 'statistics'],Literature document about marketing music statistics. This is a sample content for the document. This is a sample content for the document. This is a sample content for the document. This is a sample content for the document. This is a sample content for the document. This is a sample content for the document. This is a sample content for the document. This is a sample content for the document. This is a sample content for the document. This is a sample content for the document. ,9.079692098587527
DOC_00334,Document about Arts and marketing,Arts,['marketing'],Arts document about marketing. This is a sample content for the document. This is a sample content for the document. This is a sample content for the document. This is a sample content for the document. This is a sample content for the document. This is a sample content for the document. This is a sample content for the document. This is a sample content for the document. This is a sample content for the document. This is a sample content for the document. ,6.091193549269052
DOC_00335,Document about Business and world war II poetry marketing,Business,['world war II' 'poetry' 'marketing'],Business document about world war II poetry marketing. This is a sample content for the document. This is a sample content for the document. This is a sample content for the document. This is a sample content for the document. This is a sample content for the document. This is a sample content for the document. This is a sample content for the document. This is a sample content for the document. This is a sample content for the document. This is a sample content for the document. This is a sample content for the document. ,5.784149374180581
DOC_00336,Document about Mathematics and statistics music world war II,Mathematics,['statistics' 'music' 'world war II'],Mathematics document about statistics music world war II. This is a sample content for the document. This is a sample content for the document. This is a sample content for the document. This is a sample content for the document. This is a sample content for the document. This is a sample content for the document. This is a sample content for the document. This is a sample content for the document. This is a sample content for the document. This is a sample content for the document. This is a sample content for the document. ,4.759002962352953
DOC_00337,Document about Arts and poetry physics java,Arts,['poetry' 'physics' 'java'],Arts document about poetry physics java. This is a sample content for the document. This is a sample content for the document. This is a sample content for the document. This is a sample content for the document. This is a sample content for the document. This is a sample content for the document. This is a sample content for the document. This is a sample content for the document. This is a sample content for the document. This is a sample content for the document. This is a sample content for the document. This is a sample content for the document. ,3.876868497628563
DOC_00338,Document about Literature and music,Literature,['music'],Literature document about music. This is a sample content for the document. This is a sample content for the document. This is a sample content for the document. This is a sample content for the document. This is a sample content for the document. This is a sample content for the document. This is a sample content for the document. This is a sample content for the document. ,6.006952065313714
DOC_00339,Document about History and music finance,History,['music' 'finance'],History document about music finance. This is a sample content for the document. This is a sample content for the document. This is a sample content for the document. This is a sample content for the document. This is a sample content for the document. This is a sample content for the document. This is a sample content for the document. This is a sample content for the document. This is a sample content for the document. This is a sample content for the document. This is a sample content for the document. This is a sample content for the document. ,1.4519298852140974
DOC_00340,Document about History and calculus music finance,History,['calculus' 'music' 'finance'],History document about calculus music finance. This is a sample content for the document. This is a sample content for the document. This is a sample content for the document. This is a sample content for the document. This is a sample content for the document. This is a sample content for the document. ,8.420243658440942
DOC_00341,Document about Literature and music statistics python,Literature,['music' 'statistics' 'python'],Literature document about music statistics python. This is a sample content for the document. This is a sample content for the document. This is a sample content for the document. This is a sample content for the document. This is a sample content for the document. This is a sample content for the document. This is a sample content for the document. This is a sample content for the document. This is a sample content for the document. This is a sample content for the document. This is a sample content for the document. This is a sample content for the document. This is a sample content for the document. This is a sample content for the document. ,6.157379805571141
DOC_00342,Document about Science and medieval java physics,Science,['medieval' 'java' 'physics'],Science document about medieval java physics. This is a sample content for the document. This is a sample content for the document. This is a sample content for the document. This is a sample content for the document. This is a sample content for the document. This is a sample content for the document. This is a sample content for the document. This is a sample content for the document. This is a sample content for the document. This is a sample content for the document. ,8.38384138233118
DOC_00343,Document about Science and marketing novel,Science,['marketing' 'novel'],Science document about marketing novel. This is a sample content for the document. This is a sample content for the document. This is a sample content for the document. This is a sample content for the document. This is a sample content for the document. This is a sample content for the document. This is a sample content for the document. This is a sample content for the document. This is a sample content for the document. This is a sample content for the document. This is a sample content for the document. This is a sample content for the document. This is a sample content for the document. ,2.782859650482606
DOC_00344,Document about Mathematics and statistics chemistry marketing,Mathematics,['statistics' 'chemistry' 'marketing'],Mathematics document about statistics chemistry marketing. This is a sample content for the document. This is a sample content for the document. This is a sample content for the document. This is a sample content for the document. This is a sample content for the document. This is a sample content for the document. This is a sample content for the document. This is a sample content for the document. This is a sample content for the document. This is a sample content for the document. This is a sample content for the document. This is a sample content for the document. This is a sample content for the document. This is a sample content for the document. ,4.064903519319072
DOC_00345,Document about Arts and marketing,Arts,['marketing'],Arts document about marketing. This is a sample content for the document. This is a sample content for the document. This is a sample content for the document. This is a sample content for the document. This is a sample content for the document. This is a sample content for the document. This is a sample content for the document. This is a sample content for the document. This is a sample content for the document. This is a sample content for the document. This is a sample content for the document. ,3.3806422358995443
DOC_00346,Document about Business and painting calculus,Business,['painting' 'calculus'],Business document about painting calculus. This is a sample content for the document. This is a sample content for the document. This is a sample content for the document. This is a sample content for the document. This is a sample content for the document. This is a sample content for the document. This is a sample content for the document. This is a sample content for the document. This is a sample content for the document. This is a sample content for the document. ,8.034539312767592
DOC_00347,Document about Science and music python finance,Science,['music' 'python' 'finance'],Science document about music python finance. This is a sample content for the document. This is a sample content for the document. This is a sample content for the document. This is a sample content for the document. This is a sample content for the document. This is a sample content for the document. This is a sample content for the document. This is a sample content for the document. This is a sample content for the document. This is a sample content for the document. This is a sample content for the document. This is a sample content for the document. ,9.138189622668088
DOC_00348,Document about Arts and statistics novel world war II,Arts,['statistics' 'novel' 'world war II'],Arts document about statistics novel world war II. This is a sample content for the document. This is a sample content for the document. This is a sample content for the document. This is a sample content for the document. This is a sample content for the document. This is a sample content for the document. This is a sample content for the document. This is a sample content for the document. This is a sample content for the document. ,1.751724232120169
DOC_00349,Document about Business and finance medieval,Business,['finance' 'medieval'],Business document about finance medieval. This is a sample content for the document. This is a sample content for the document. This is a sample content for the document. This is a sample content for the document. This is a sample content for the document. This is a sample content for the document. This is a sample content for the document. This is a sample content for the document. This is a sample content for the document. ,7.841448368111431
DOC_00350,Document about History and painting,History,['painting'],History document about painting. This is a sample content for the document. This is a sample content for the document. This is a sample content for the document. This is a sample content for the document. This is a sample content for the document. This is a sample content for the document. This is a sample content for the document. This is a sample content for the document. This is a sample content for the document. This is a sample content for the document. This is a sample content for the document. ,8.225660880959914
DOC_00351,Document about Science and finance medieval,Science,['finance' 'medieval'],Science document about finance medieval. This is a sample content for the document. This is a sample content for the document. This is a sample content for the document. This is a sample content for the document. This is a sample content for the document. This is a sample content for the document. This is a sample content for the document. This is a sample content for the document. ,7.051454589625333
DOC_00352,Document about Programming and novel,Programming,['novel'],Programming document about novel. This is a sample content for the document. This is a sample content for the document. This is a sample content for the document. This is a sample content for the document. This is a sample content for the document. This is a sample content for the document. ,1.270191989341647
DOC_00353,Document about Programming and chemistry python,Programming,['chemistry' 'python'],Programming document about chemistry python. This is a sample content for the document. This is a sample content for the document. This is a sample content for the document. This is a sample content for the document. This is a sample content for the document. This is a sample content for the document. This is a sample content for the document. This is a sample content for the document. ,5.017977296168938
DOC_00354,Document about Mathematics and chemistry,Mathematics,['chemistry'],Mathematics document about chemistry. This is a sample content for the document. This is a sample content for the document. This is a sample content for the document. This is a sample content for the document. This is a sample content for the document. This is a sample content for the document. ,3.2822570529673225
DOC_00355,Document about Programming and music,Programming,['music'],Programming document about music. This is a sample content for the document. This is a sample content for the document. This is a sample content for the document. This is a sample content for the document. This is a sample content for the document. This is a sample content for the document. This is a sample content for the document. This is a sample content for the document. This is a sample content for the document. This is a sample content for the document. This is a sample content for the document. This is a sample content for the document. ,1.839443021003529
DOC_00356,Document about Science and world war II,Science,['world war II'],Science document about world war II. This is a sample content for the document. This is a sample content for the document. This is a sample content for the document. This is a sample content for the document. This is a sample content for the document. This is a sample content for the document. This is a sample content for the document. This is a sample content for the document. This is a sample content for the document. This is a sample content for the document. ,2.290558330098033
DOC_00357,Document about Literature and statistics calculus,Literature,['statistics' 'calculus'],Literature document about statistics calculus. This is a sample content for the document. This is a sample content for the document. This is a sample content for the document. This is a sample content for the document. This is a sample content for the document. This is a sample content for the document. ,1.4049713911188193
DOC_00358,Document about Programming and physics world war II,Programming,['physics' 'world war II'],Programming document about physics world war II. This is a sample content for the document. This is a sample content for the document. This is a sample content for the document. This is a sample content for the document. This is a sample content for the document. This is a sample content for the document. This is a sample content for the document. ,5.933306824552198
DOC_00359,Document about Business and python statistics poetry,Business,['python' 'statistics' 'poetry'],Business document about python statistics poetry. This is a sample content for the document. This is a sample content for the document. This is a sample content for the document. This is a sample content for the document. This is a sample content for the document. This is a sample content for the document. This is a sample content for the document. This is a sample content for the document. This is a sample content for the document. This is a sample content for the document. This is a sample content for the document. This is a sample content for the document. This is a sample content for the document. This is a sample content for the document. ,4.65931483623525
DOC_00360,Document about Business and painting,Business,['painting'],Business document about painting. This is a sample content for the document. This is a sample content for the document. This is a sample content for the document. This is a sample content for the document. This is a sample content for the document. This is a sample content for the document. This is a sample content for the document. This is a sample content for the document. This is a sample content for the document. ,6.956511266025983
DOC_00361,Document about Science and statistics medieval,Science,['statistics' 'medieval'],Science document about statistics medieval. This is a sample content for the document. This is a sample content for the document. This is a sample content for the document. This is a sample content for the document. This is a sample content for the document. This is a sample content for the document. ,3.864358372471533
DOC_00362,Document about Science and java music world war II,Science,['java' 'music' 'world war II'],Science document about java music world war II. This is a sample content for the document. This is a sample content for the document. This is a sample content for the document. This is a sample content for the document. This is a sample content for the document. This is a sample content for the document. This is a sample content for the document. This is a sample content for the document. This is a sample content for the document. This is a sample content for the document. This is a sample content for the document. This is a sample content for the document. This is a sample content for the document. ,5.978007739525344
DOC_00363,Document about Arts and painting,Arts,['painting'],Arts document about painting. This is a sample content for the document. This is a sample content for the document. This is a sample content for the document. This is a sample content for the document. This is a sample content for the document. This is a sample content for the document. This is a sample content for the document. This is a sample content for the document. This is a sample content for the document. This is a sample content for the document. ,4.996932012159568
DOC_00364,Document about Literature and marketing finance,Literature,['marketing' 'finance'],Literature document about marketing finance. This is a sample content for the document. This is a sample content for the document. This is a sample content for the document. This is a sample content for the document. This is a sample content for the document. This is a sample content for the document. This is a sample content for the document. ,4.282036086109029
DOC_00365,Document about History and medieval python music,History,['medieval' 'python' 'music'],History document about medieval python music. This is a sample content for the document. This is a sample content for the document. This is a sample content for the document. This is a sample content for the document. This is a sample content for the document. This is a sample content for the document. This is a sample content for the document. This is a sample content for the document. This is a sample content for the document. This is a sample content for the document. This is a sample content for the document. This is a sample content for the document. This is a sample content for the document. ,3.560872471092404
DOC_00366,Document about History and novel python music,History,['novel' 'python' 'music'],History document about novel python music. This is a sample content for the document. This is a sample content for the document. This is a sample content for the document. This is a sample content for the document. This is a sample content for the document. This is a sample content for the document. This is a sample content for the document. This is a sample content for the document. This is a sample content for the document. This is a sample content for the document. This is a sample content for the document. This is a sample content for the document. This is a sample content for the document. ,1.7742894132964888
DOC_00367,Document about Science and novel physics python,Science,['novel' 'physics' 'python'],Science document about novel physics python. This is a sample content for the document. This is a sample content for the document. This is a sample content for the document. This is a sample content for the document. This is a sample content for the document. ,9.793285088906584
DOC_00368,Document about Science and marketing python,Science,['marketing' 'python'],Science document about marketing python. This is a sample content for the document. This is a sample content for the document. This is a sample content for the document. This is a sample content for the document. This is a sample content for the document. This is a sample content for the document. This is a sample content for the document. This is a sample content for the document. This is a sample content for the document. ,1.1884070604405994
DOC_00369,Document about Programming and physics,Programming,['physics'],Programming document about physics. This is a sample content for the document. This is a sample content for the document. This is a sample content for the document. This is a sample content for the document. This is a sample content for the document. This is a sample content for the document. This is a sample content for the document. This is a sample content for the document. This is a sample content for the document. This is a sample content for the document. ,5.954245993926464
DOC_00370,Document about Literature and world war II medieval music,Literature,['world war II' 'medieval' 'music'],Literature document about world war II medieval music. This is a sample content for the document. This is a sample content for the document. This is a sample content for the document. This is a sample content for the document. This is a sample content for the document. This is a sample content for the document. This is a sample content for the document. ,6.922919962508429
DOC_00371,Document about Programming and python world war II finance,Programming,['python' 'world war II' 'finance'],Programming document about python world war II finance. This is a sample content for the document. This is a sample content for the document. This is a sample content for the document. This is a sample content for the document. This is a sample content for the document. This is a sample content for the document. This is a sample content for the document. This is a sample content for the document. This is a sample content for the document. This is a sample content for the document. This is a sample content for the document. ,4.734643924717124
DOC_00372,Document about Arts and chemistry medieval,Arts,['chemistry' 'medieval'],Arts document about chemistry medieval. This is a sample content for the document. This is a sample content for the document. This is a sample content for the document. This is a sample content for the document. This is a sample content for the document. This is a sample content for the document. This is a sample content for the document. This is a sample content for the document. This is a sample content for the document. ,7.08059178638419
DOC_00373,Document about History and painting,History,['painting'],History document about painting. This is a sample content for the document. This is a sample content for the document. This is a sample content for the document. This is a sample content for the document. This is a sample content for the document. This is a sample content for the document. This is a sample content for the document. This is a sample content for the document. This is a sample content for the document. This is a sample content for the document. This is a sample content for the document. This is a sample content for the document. ,8.227106933736884
DOC_00374,Document about Mathematics and medieval world war II poetry,Mathematics,['medieval' 'world war II' 'poetry'],Mathematics document about medieval world war II poetry. This is a sample content for the document. This is a sample content for the document. This is a sample content for the document. This is a sample content for the document. This is a sample content for the document. This is a sample content for the document. This is a sample content for the document. This is a sample content for the document. ,2.806938772810107
DOC_00375,Document about Business and chemistry finance poetry,Business,['chemistry' 'finance' 'poetry'],Business document about chemistry finance poetry. This is a sample content for the document. This is a sample content for the document. This is a sample content for the document. This is a sample content for the document. This is a sample content for the document. This is a sample content for the document. This is a sample content for the document. This is a sample content for the document. This is a sample content for the document. This is a sample content for the document. This is a sample content for the document. ,3.931163218575579
DOC_00376,Document about Business and poetry calculus,Business,['poetry' 'calculus'],Business document about poetry calculus. This is a sample content for the document. This is a sample content for the document. This is a sample content for the document. This is a sample content for the document. This is a sample content for the document. ,2.342267433457637
DOC_00377,Document about History and medieval poetry,History,['medieval' 'poetry'],History document about medieval poetry. This is a sample content for the document. This is a sample content for the document. This is a sample content for the document. This is a sample content for the document. This is a sample content for the document. This is a sample content for the document. ,6.795609215028522
DOC_00378,Document about Literature and novel marketing,Literature,['novel' 'marketing'],Literature document about novel marketing. This is a sample content for the document. This is a sample content for the document. This is a sample content for the document. This is a sample content for the document. This is a sample content for the document. This is a sample content for the document. This is a sample content for the document. This is a sample content for the document. ,2.794704379826815
DOC_00379,Document about History and novel,History,['novel'],History document about novel. This is a sample content for the document. This is a sample content for the document. This is a sample content for the document. This is a sample content for the document. This is a sample content for the document. This is a sample content for the document. This is a sample content for the document. This is a sample content for the document. This is a sample content for the document. This is a sample content for the document. This is a sample content for the document. ,6.445805666864845
DOC_00380,Document about History and painting finance statistics,History,['painting' 'finance' 'statistics'],History document about painting finance statistics. This is a sample content for the document. This is a sample content for the document. This is a sample content for the document. This is a sample content for the document. This is a sample content for the document. This is a sample content for the document. This is a sample content for the document. This is a sample content for the document. This is a sample content for the document. This is a sample content for the document. This is a sample content for the document. ,4.364272979803022
DOC_00381,Document about Arts and java,Arts,['java'],Arts document about java. This is a sample content for the document. This is a sample content for the document. This is a sample content for the document. This is a sample content for the document. This is a sample content for the document. This is a sample content for the document. This is a sample content for the document. This is a sample content for the document. This is a sample content for the document. This is a sample content for the document. This is a sample content for the document. This is a sample content for the document. ,3.43557995224237
DOC_00382,Document about Mathematics and chemistry novel java,Mathematics,['chemistry' 'novel' 'java'],Mathematics document about chemistry novel java. This is a sample content for the document. This is a sample content for the document. This is a sample content for the document. This is a sample content for the document. This is a sample content for the document. This is a sample content for the document. This is a sample content for the document. This is a sample content for the document. This is a sample content for the document. ,1.4382536355993678
DOC_00383,Document about Arts and finance world war II poetry,Arts,['finance' 'world war II' 'poetry'],Arts document about finance world war II poetry. This is a sample content for the document. This is a sample content for the document. This is a sample content for the document. This is a sample content for the document. This is a sample content for the document. This is a sample content for the document. This is a sample content for the document. This is a sample content for the document. This is a sample content for the document. This is a sample content for the document. This is a sample content for the document. This is a sample content for the document. ,5.064090279450176
DOC_00384,Document about Mathematics and painting,Mathematics,['painting'],Mathematics document about painting. This is a sample content for the document. This is a sample content for the document. This is a sample content for the document. This is a sample content for the document. This is a sample content for the document. This is a sample content for the document. ,7.05150831518834
DOC_00385,Document about Arts and painting,Arts,['painting'],Arts document about painting. This is a sample content for the document. This is a sample content for the document. This is a sample content for the document. This is a sample content for the document. This is a sample content for the document. This is a sample content for the document. ,1.3728527993744897
DOC_00386,Document about Mathematics and poetry python,Mathematics,['poetry' 'python'],Mathematics document about poetry python. This is a sample content for the document. This is a sample content for the document. This is a sample content for the document. This is a sample content for the document. This is a sample content for the document. This is a sample content for the document. ,3.987878242894325
DOC_00387,Document about History and chemistry marketing python,History,['chemistry' 'marketing' 'python'],History document about chemistry marketing python. This is a sample content for the document. This is a sample content for the document. This is a sample content for the document. This is a sample content for the document. This is a sample content for the document. This is a sample content for the document. This is a sample content for the document. ,7.657146079867974
DOC_00388,Document about Business and painting physics finance,Business,['painting' 'physics' 'finance'],Business document about painting physics finance. This is a sample content for the document. This is a sample content for the document. This is a sample content for the document. This is a sample content for the document. This is a sample content for the document. This is a sample content for the document. This is a sample content for the document. This is a sample content for the document. This is a sample content for the document. ,7.228454977357703
DOC_00389,Document about Mathematics and physics novel java,Mathematics,['physics' 'novel' 'java'],Mathematics document about physics novel java. This is a sample content for the document. This is a sample content for the document. This is a sample content for the document. This is a sample content for the document. This is a sample content for the document. This is a sample content for the document. This is a sample content for the document. This is a sample content for the document. This is a sample content for the document. This is a sample content for the document. This is a sample content for the document. ,9.543457956210553
DOC_00390,Document about Literature and calculus poetry,Literature,['calculus' 'poetry'],Literature document about calculus poetry. This is a sample content for the document. This is a sample content for the document. This is a sample content for the document. This is a sample content for the document. This is a sample content for the document. This is a sample content for the document. ,6.180340857760738
DOC_00391,Document about Programming and python,Programming,['python'],Programming document about python. This is a sample content for the document. This is a sample content for the document. This is a sample content for the document. This is a sample content for the document. This is a sample content for the document. This is a sample content for the document. This is a sample content for the document. This is a sample content for the document. ,7.294055196273788
DOC_00392,Document about Science and calculus,Science,['calculus'],Science document about calculus. This is a sample content for the document. This is a sample content for the document. This is a sample content for the document. This is a sample content for the document. This is a sample content for the document. This is a sample content for the document. This is a sample content for the document. This is a sample content for the document. This is a sample content for the document. ,1.5483584954864795
DOC_00393,Document about History and world war II,History,['world war II'],History document about world war II. This is a sample content for the document. This is a sample content for the document. This is a sample content for the document. This is a sample content for the document. This is a sample content for the document. This is a sample content for the document. This is a sample content for the document. This is a sample content for the document. This is a sample content for the document. This is a sample content for the document. This is a sample content for the document. This is a sample content for the document. ,2.1573683736449727
DOC_00394,Document about Literature and finance chemistry world war II,Literature,['finance' 'chemistry' 'world war II'],Literature document about finance chemistry world war II. This is a sample content for the document. This is a sample content for the document. This is a sample content for the document. This is a sample content for the document. This is a sample content for the document. ,8.75498396229191
DOC_00395,Document about Science and finance calculus,Science,['finance' 'calculus'],Science document about finance calculus. This is a sample content for the document. This is a sample content for the document. This is a sample content for the document. This is a sample content for the document. This is a sample content for the document. ,3.4191785352717834
DOC_00396,Document about History and marketing world war II calculus,History,['marketing' 'world war II' 'calculus'],History document about marketing world war II calculus. This is a sample content for the document. This is a sample content for the document. This is a sample content for the document. This is a sample content for the document. This is a sample content for the document. This is a sample content for the document. This is a sample content for the document. This is a sample content for the document. ,6.210798818987307
DOC_00397,Document about History and java,History,['java'],History document about java. This is a sample content for the document. This is a sample content for the document. This is a sample content for the document. This is a sample content for the document. This is a sample content for the document. This is a sample content for the document. This is a sample content for the document. This is a sample content for the document. This is a sample content for the document. ,6.0813157504011714
DOC_00398,Document about Mathematics and marketing world war II physics,Mathematics,['marketing' 'world war II' 'physics'],Mathematics document about marketing world war II physics. This is a sample content for the document. This is a sample content for the document. This is a sample content for the document. This is a sample content for the document. This is a sample content for the document. This is a sample content for the document. This is a sample content for the document. ,9.129012646102366
DOC_00399,Document about Mathematics and novel,Mathematics,['novel'],Mathematics document about novel. This is a sample content for the document. This is a sample content for the document. This is a sample content for the document. This is a sample content for the document. This is a sample content for the document. This is a sample content for the document. This is a sample content for the document. This is a sample content for the document. This is a sample content for the document. This is a sample content for the document. This is a sample content for the document. ,1.7535244406081356
DOC_00400,Document about Literature and finance painting,Literature,['finance' 'painting'],Literature document about finance painting. This is a sample content for the document. This is a sample content for the document. This is a sample content for the document. This is a sample content for the document. This is a sample content for the document. This is a sample content for the document. This is a sample content for the document. This is a sample content for the document. This is a sample content for the document. This is a sample content for the document. This is a sample content for the document. This is a sample content for the document. This is a sample content for the document. This is a sample content for the document. ,6.175545161129332
DOC_00401,Document about Mathematics and python marketing world war II,Mathematics,['python' 'marketing' 'world war II'],Mathematics document about python marketing world war II. This is a sample content for the document. This is a sample content for the document. This is a sample content for the document. This is a sample content for the document. This is a sample content for the document. This is a sample content for the document. This is a sample content for the document. This is a sample content for the document. This is a sample content for the document. This is a sample content for the document. This is a sample content for the document. This is a sample content for the document. ,8.42690234133668
DOC_00402,Document about Arts and physics,Arts,['physics'],Arts document about physics. This is a sample content for the document. This is a sample content for the document. This is a sample content for the document. This is a sample content for the document. This is a sample content for the document. This is a sample content for the document. This is a sample content for the document. This is a sample content for the document. This is a sample content for the document. This is a sample content for the document. ,1.9811225407683584
DOC_00403,Document about Mathematics and medieval marketing physics,Mathematics,['medieval' 'marketing' 'physics'],Mathematics document about medieval marketing physics. This is a sample content for the document. This is a sample content for the document. This is a sample content for the document. This is a sample content for the document. This is a sample content for the document. This is a sample content for the document. This is a sample content for the document. This is a sample content for the document. This is a sample content for the document. This is a sample content for the document. This is a sample content for the document. This is a sample content for the document. This is a sample content for the document. ,1.4839508049578505
DOC_00404,Document about Business and python medieval world war II,Business,['python' 'medieval' 'world war II'],Business document about python medieval world war II. This is a sample content for the document. This is a sample content for the document. This is a sample content for the document. This is a sample content for the document. This is a sample content for the document. This is a sample content for the document. This is a sample content for the document. This is a sample content for the document. This is a sample content for the document. This is a sample content for the document. ,8.72655809096399
DOC_00405,Document about Programming and java,Programming,['java'],Programming document about java. This is a sample content for the document. This is a sample content for the document. This is a sample content for the document. This is a sample content for the document. This is a sample content for the document. ,5.279281437094603
DOC_00406,Document about Business and painting chemistry statistics,Business,['painting' 'chemistry' 'statistics'],Business document about painting chemistry statistics. This is a sample content for the document. This is a sample content for the document. This is a sample content for the document. This is a sample content for the document. This is a sample content for the document. ,5.148085043859237
DOC_00407,Document about Literature and finance physics novel,Literature,['finance' 'physics' 'novel'],Literature document about finance physics novel. This is a sample content for the document. This is a sample content for the document. This is a sample content for the document. This is a sample content for the document. This is a sample content for the document. This is a sample content for the document. ,6.682383798790389
DOC_00408,Document about Arts and finance statistics world war II,Arts,['finance' 'statistics' 'world war II'],Arts document about finance statistics world war II. This is a sample content for the document. This is a sample content for the document. This is a sample content for the document. This is a sample content for the document. This is a sample content for the document. This is a sample content for the document. ,4.32222574428284
DOC_00409,Document about History and poetry statistics,History,['poetry' 'statistics'],History document about poetry statistics. This is a sample content for the document. This is a sample content for the document. This is a sample content for the document. This is a sample content for the document. This is a sample content for the document. This is a sample content for the document. This is a sample content for the document. This is a sample content for the document. This is a sample content for the document. This is a sample content for the document. ,5.266056393536005
DOC_00410,Document about Literature and world war II painting,Literature,['world war II' 'painting'],Literature document about world war II painting. This is a sample content for the document. This is a sample content for the document. This is a sample content for the document. This is a sample content for the document. This is a sample content for the document. ,3.4918297254281105
DOC_00411,Document about Arts and finance medieval,Arts,['finance' 'medieval'],Arts document about finance medieval. This is a sample content for the document. This is a sample content for the document. This is a sample content for the document. This is a sample content for the document. This is a sample content for the document. This is a sample content for the document. This is a sample content for the document. This is a sample content for the document. This is a sample content for the document. ,2.83817895731586
DOC_00412,Document about Literature and poetry physics,Literature,['poetry' 'physics'],Literature document about poetry physics. This is a sample content for the document. This is a sample content for the document. This is a sample content for the document. This is a sample content for the document. This is a sample content for the document. ,7.516262698956291
DOC_00413,Document about Programming and chemistry physics novel,Programming,['chemistry' 'physics' 'novel'],Programming document about chemistry physics novel. This is a sample content for the document. This is a sample content for the document. This is a sample content for the document. This is a sample content for the document. This is a sample content for the document. This is a sample content for the document. This is a sample content for the document. This is a sample content for the document. This is a sample content for the document. This is a sample content for the document. This is a sample content for the document. ,1.3203120772582877
DOC_00414,Document about Business and chemistry statistics,Business,['chemistry' 'statistics'],Business document about chemistry statistics. This is a sample content for the document. This is a sample content for the document. This is a sample content for the document. This is a sample content for the document. This is a sample content for the document. This is a sample content for the document. This is a sample content for the document. This is a sample content for the document. This is a sample content for the document. This is a sample content for the document. This is a sample content for the document. ,8.335648906082262
DOC_00415,Document about Programming and python painting marketing,Programming,['python' 'painting' 'marketing'],Programming document about python painting marketing. This is a sample content for the document. This is a sample content for the document. This is a sample content for the document. This is a sample content for the document. This is a sample content for the document. This is a sample content for the document. This is a sample content for the document. This is a sample content for the document. This is a sample content for the document. This is a sample content for the document. ,3.237443961519757
DOC_00416,Document about Programming and music poetry,Programming,['music' 'poetry'],Programming document about music poetry. This is a sample content for the document. This is a sample content for the document. This is a sample content for the document. This is a sample content for the document. This is a sample content for the document. This is a sample content for the document. This is a sample content for the document. This is a sample content for the document. ,8.447713245584353
DOC_00417,Document about Business and finance,Business,['finance'],Business document about finance. This is a sample content for the document. This is a sample content for the document. This is a sample content for the document. This is a sample content for the document. This is a sample content for the document. This is a sample content for the document. This is a sample content for the document. This is a sample content for the document. This is a sample content for the document. This is a sample content for the document. ,9.79746632388004
DOC_00418,Document about Business and physics,Business,['physics'],Business document about physics. This is a sample content for the document. This is a sample content for the document. This is a sample content for the document. This is a sample content for the document. This is a sample content for the document. This is a sample content for the document. This is a sample content for the document. This is a sample content for the document. This is a sample content for the document. This is a sample content for the document. ,7.461394218460916
DOC_00419,Document about Arts and poetry medieval finance,Arts,['poetry' 'medieval' 'finance'],Arts document about poetry medieval finance. This is a sample content for the document. This is a sample content for the document. This is a sample content for the document. This is a sample content for the document. This is a sample content for the document. This is a sample content for the document. This is a sample content for the document. This is a sample content for the document. This is a sample content for the document. ,8.73680810817346
DOC_00420,Document about History and marketing physics novel,History,['marketing' 'physics' 'novel'],History document about marketing physics novel. This is a sample content for the document. This is a sample content for the document. This is a sample content for the document. This is a sample content for the document. This is a sample content for the document. This is a sample content for the document. This is a sample content for the document. This is a sample content for the document. This is a sample content for the document. ,3.5576586614055588
DOC_00421,Document about Arts and marketing poetry,Arts,['marketing' 'poetry'],Arts document about marketing poetry. This is a sample content for the document. This is a sample content for the document. This is a sample content for the document. This is a sample content for the document. This is a sample content for the document. This is a sample content for the document. This is a sample content for the document. This is a sample content for the document. This is a sample content for the document. This is a sample content for the document. This is a sample content for the document. This is a sample content for the document. This is a sample content for the document. ,6.8098092076947
DOC_00422,Document about Business and world war II novel calculus,Business,['world war II' 'novel' 'calculus'],Business document about world war II novel calculus. This is a sample content for the document. This is a sample content for the document. This is a sample content for the document. This is a sample content for the document. This is a sample content for the document. This is a sample content for the document. This is a sample content for the document. This is a sample content for the document. This is a sample content for the document. This is a sample content for the document. This is a sample content for the document. This is a sample content for the document. This is a sample content for the document. This is a sample content for the document. ,7.612377132385231
DOC_00423,Document about History and calculus,History,['calculus'],History document about calculus. This is a sample content for the document. This is a sample content for the document. This is a sample content for the document. This is a sample content for the document. This is a sample content for the document. This is a sample content for the document. This is a sample content for the document. ,2.728144762660331
DOC_00424,Document about Mathematics and calculus,Mathematics,['calculus'],Mathematics document about calculus. This is a sample content for the document. This is a sample content for the document. This is a sample content for the document. This is a sample content for the document. This is a sample content for the document. This is a sample content for the document. This is a sample content for the document. This is a sample content for the document. This is a sample content for the document. This is a sample content for the document. ,4.2036199612357645
DOC_00425,Document about Arts and marketing chemistry,Arts,['marketing' 'chemistry'],Arts document about marketing chemistry. This is a sample content for the document. This is a sample content for the document. This is a sample content for the document. This is a sample content for the document. This is a sample content for the document. ,2.738440075675894
DOC_00426,Document about Science and medieval physics,Science,['medieval' 'physics'],Science document about medieval physics. This is a sample content for the document. This is a sample content for the document. This is a sample content for the document. This is a sample content for the document. This is a sample content for the document. This is a sample content for the document. This is a sample content for the document. This is a sample content for the document. This is a sample content for the document. This is a sample content for the document. This is a sample content for the document. This is a sample content for the document. This is a sample content for the document. ,6.488314853933053
DOC_00427,Document about Science and statistics,Science,['statistics'],Science document about statistics. This is a sample content for the document. This is a sample content for the document. This is a sample content for the document. This is a sample content for the document. This is a sample content for the document. This is a sample content for the document. This is a sample content for the document. This is a sample content for the document. This is a sample content for the document. This is a sample content for the document. This is a sample content for the document. This is a sample content for the document. ,3.7691118053015367
DOC_00428,Document about Programming and statistics,Programming,['statistics'],Programming document about statistics. This is a sample content for the document. This is a sample content for the document. This is a sample content for the document. This is a sample content for the document. This is a sample content for the document. This is a sample content for the document. This is a sample content for the document. This is a sample content for the document. This is a sample content for the document. This is a sample content for the document. This is a sample content for the document. This is a sample content for the document. This is a sample content for the document. This is a sample content for the document. ,2.4960642584649286
DOC_00429,Document about Literature and marketing,Literature,['marketing'],Literature document about marketing. This is a sample content for the document. This is a sample content for the document. This is a sample content for the document. This is a sample content for the document. This is a sample content for the document. This is a sample content for the document. This is a sample content for the document. This is a sample content for the document. This is a sample content for the document. ,8.853632969373066
DOC_00430,Document about Mathematics and calculus music,Mathematics,['calculus' 'music'],Mathematics document about calculus music. This is a sample content for the document. This is a sample content for the document. This is a sample content for the document. This is a sample content for the document. This is a sample content for the document. ,4.877724478440436
DOC_00431,Document about Arts and music java painting,Arts,['music' 'java' 'painting'],Arts document about music java painting. This is a sample content for the document. This is a sample content for the document. This is a sample content for the document. This is a sample content for the document. This is a sample content for the document. ,1.4613711325839835
DOC_00432,Document about Mathematics and novel painting,Mathematics,['novel' 'painting'],Mathematics document about novel painting. This is a sample content for the document. This is a sample content for the document. This is a sample content for the document. This is a sample content for the document. This is a sample content for the document. ,7.737478377236491
DOC_00433,Document about Literature and chemistry music world war II,Literature,['chemistry' 'music' 'world war II'],Literature document about chemistry music world war II. This is a sample content for the document. This is a sample content for the document. This is a sample content for the document. This is a sample content for the document. This is a sample content for the document. This is a sample content for the document. ,7.000583768718308
DOC_00434,Document about Literature and music finance,Literature,['music' 'finance'],Literature document about music finance. This is a sample content for the document. This is a sample content for the document. This is a sample content for the document. This is a sample content for the document. This is a sample content for the document. This is a sample content for the document. This is a sample content for the document. This is a sample content for the document. ,4.764619999841374
DOC_00435,Document about Science and python novel,Science,['python' 'novel'],Science document about python novel. This is a sample content for the document. This is a sample content for the document. This is a sample content for the document. This is a sample content for the document. This is a sample content for the document. This is a sample content for the document. This is a sample content for the document. ,4.060039474539029
DOC_00436,Document about Science and medieval,Science,['medieval'],Science document about medieval. This is a sample content for the document. This is a sample content for the document. This is a sample content for the document. This is a sample content for the document. This is a sample content for the document. This is a sample content for the document. This is a sample content for the document. This is a sample content for the document. This is a sample content for the document. This is a sample content for the document. ,2.9057127584717755
DOC_00437,Document about Literature and python,Literature,['python'],Literature document about python. This is a sample content for the document. This is a sample content for the document. This is a sample content for the document. This is a sample content for the document. This is a sample content for the document. This is a sample content for the document. This is a sample content for the document. This is a sample content for the document. This is a sample content for the document. This is a sample content for the document. This is a sample content for the document. ,3.3301384731382564
DOC_00438,Document about Programming and chemistry music,Programming,['chemistry' 'music'],Programming document about chemistry music. This is a sample content for the document. This is a sample content for the document. This is a sample content for the document. This is a sample content for the document. This is a sample content for the document. This is a sample content for the document. This is a sample content for the document. This is a sample content for the document. This is a sample content for the document. ,6.5547480440527
DOC_00439,Document about History and novel calculus,History,['novel' 'calculus'],History document about novel calculus. This is a sample content for the document. This is a sample content for the document. This is a sample content for the document. This is a sample content for the document. This is a sample content for the document. This is a sample content for the document. This is a sample content for the document. This is a sample content for the document. This is a sample content for the document. This is a sample content for the document. This is a sample content for the document. This is a sample content for the document. This is a sample content for the document. ,4.671006476565521
DOC_00440,Document about Mathematics and statistics chemistry python,Mathematics,['statistics' 'chemistry' 'python'],Mathematics document about statistics chemistry python. This is a sample content for the document. This is a sample content for the document. This is a sample content for the document. This is a sample content for the document. This is a sample content for the document. This is a sample content for the document. This is a sample content for the document. This is a sample content for the document. This is a sample content for the document. This is a sample content for the document. ,7.749583136221671
DOC_00441,Document about Business and chemistry,Business,['chemistry'],Business document about chemistry. This is a sample content for the document. This is a sample content for the document. This is a sample content for the document. This is a sample content for the document. This is a sample content for the document. This is a sample content for the document. This is a sample content for the document. This is a sample content for the document. This is a sample content for the document. This is a sample content for the document. ,4.026910548433001
DOC_00442,Document about Arts and world war II marketing,Arts,['world war II' 'marketing'],Arts document about world war II marketing. This is a sample content for the document. This is a sample content for the document. This is a sample content for the document. This is a sample content for the document. This is a sample content for the document. This is a sample content for the document. This is a sample content for the document. This is a sample content for the document. This is a sample content for the document. This is a sample content for the document. This is a sample content for the document. This is a sample content for the document. This is a sample content for the document. ,3.129488044367566
DOC_00443,Document about Programming and physics painting statistics,Programming,['physics' 'painting' 'statistics'],Programming document about physics painting statistics. This is a sample content for the document. This is a sample content for the document. This is a sample content for the document. This is a sample content for the document. This is a sample content for the document. This is a sample content for the document. ,4.620763372441347
DOC_00444,Document about Business and calculus chemistry statistics,Business,['calculus' 'chemistry' 'statistics'],Business document about calculus chemistry statistics. This is a sample content for the document. This is a sample content for the document. This is a sample content for the document. This is a sample content for the document. This is a sample content for the document. This is a sample content for the document. ,4.115771980122949
DOC_00445,Document about Mathematics and novel chemistry,Mathematics,['novel' 'chemistry'],Mathematics document about novel chemistry. This is a sample content for the document. This is a sample content for the document. This is a sample content for the document. This is a sample content for the document. This is a sample content for the document. ,6.407129344056572
DOC_00446,Document about Programming and medieval novel,Programming,['medieval' 'novel'],Programming document about medieval novel. This is a sample content for the document. This is a sample content for the document. This is a sample content for the document. This is a sample content for the document. This is a sample content for the document. This is a sample content for the document. This is a sample content for the document. This is a sample content for the document. This is a sample content for the document. This is a sample content for the document. This is a sample content for the document. This is a sample content for the document. This is a sample content for the document. ,5.370708685720063
DOC_00447,Document about Programming and python,Programming,['python'],Programming document about python. This is a sample content for the document. This is a sample content for the document. This is a sample content for the document. This is a sample content for the document. This is a sample content for the document. This is a sample content for the document. ,4.392875505581575
DOC_00448,Document about Business and java music,Business,['java' 'music'],Business document about java music. This is a sample content for the document. This is a sample content for the document. This is a sample content for the document. This is a sample content for the document. This is a sample content for the document. This is a sample content for the document. This is a sample content for the document. This is a sample content for the document. This is a sample content for the document. ,2.727598950961532
DOC_00449,Document about History and chemistry,History,['chemistry'],History document about chemistry. This is a sample content for the document. This is a sample content for the document. This is a sample content for the document. This is a sample content for the document. This is a sample content for the document. This is a sample content for the document. This is a sample content for the document. This is a sample content for the document. ,3.032105969355662
DOC_00450,Document about Mathematics and java,Mathematics,['java'],Mathematics document about java. This is a sample content for the document. This is a sample content for the document. This is a sample content for the document. This is a sample content for the document. This is a sample content for the document. This is a sample content for the document. This is a sample content for the document. This is a sample content for the document. This is a sample content for the document. This is a sample content for the document. This is a sample content for the document. This is a sample content for the document. This is a sample content for the document. This is a sample content for the document. ,1.309881777159831
DOC_00451,Document about History and world war II poetry,History,['world war II' 'poetry'],History document about world war II poetry. This is a sample content for the document. This is a sample content for the document. This is a sample content for the document. This is a sample content for the document. This is a sample content for the document. This is a sample content for the document. ,7.762809857781724
DOC_00452,Document about Mathematics and painting,Mathematics,['painting'],Mathematics document about painting. This is a sample content for the document. This is a sample content for the document. This is a sample content for the document. This is a sample content for the document. This is a sample content for the document. This is a sample content for the document. This is a sample content for the document. This is a sample content for the document. This is a sample content for the document. This is a sample content for the document. This is a sample content for the document. This is a sample content for the document. This is a sample content for the document. ,3.1202940542020974
DOC_00453,Document about Arts and physics,Arts,['physics'],Arts document about physics. This is a sample content for the document. This is a sample content for the document. This is a sample content for the document. This is a sample content for the document. This is a sample content for the document. This is a sample content for the document. ,8.216561516075252
DOC_00454,Document about Science and medieval,Science,['medieval'],Science document about medieval. This is a sample content for the document. This is a sample content for the document. This is a sample content for the document. This is a sample content for the document. This is a sample content for the document. This is a sample content for the document. ,7.681329433808036
DOC_00455,Document about Mathematics and novel,Mathematics,['novel'],Mathematics document about novel. This is a sample content for the document. This is a sample content for the document. This is a sample content for the document. This is a sample content for the document. This is a sample content for the document. This is a sample content for the document. This is a sample content for the document. This is a sample content for the document. This is a sample content for the document. This is a sample content for the document. This is a sample content for the document. ,1.149944241197944
DOC_00456,Document about Business and physics painting,Business,['physics' 'painting'],Business document about physics painting. This is a sample content for the document. This is a sample content for the document. This is a sample content for the document. This is a sample content for the document. This is a sample content for the document. This is a sample content for the document. This is a sample content for the document. This is a sample content for the document. This is a sample content for the document. This is a sample content for the document. This is a sample content for the document. This is a sample content for the document. ,3.796437954803027
DOC_00457,Document about Science and physics marketing,Science,['physics' 'marketing'],Science document about physics marketing. This is a sample content for the document. This is a sample content for the document. This is a sample content for the document. This is a sample content for the document. This is a sample content for the document. This is a sample content for the document. This is a sample content for the document. This is a sample content for the document. This is a sample content for the document. This is a sample content for the document. ,8.772769471754405
DOC_00458,Document about Mathematics and chemistry painting poetry,Mathematics,['chemistry' 'painting' 'poetry'],Mathematics document about chemistry painting poetry. This is a sample content for the document. This is a sample content for the document. This is a sample content for the document. This is a sample content for the document. This is a sample content for the document. This is a sample content for the document. This is a sample content for the document. This is a sample content for the document. ,1.4914927289212214
DOC_00459,Document about History and novel,History,['novel'],History document about novel. This is a sample content for the document. This is a sample content for the document. This is a sample content for the document. This is a sample content for the document. This is a sample content for the document. This is a sample content for the document. This is a sample content for the document. This is a sample content for the document. This is a sample content for the document. This is a sample content for the document. This is a sample content for the document. ,1.0858901776050398
DOC_00460,Document about Literature and python statistics calculus,Literature,['python' 'statistics' 'calculus'],Literature document about python statistics calculus. This is a sample content for the document. This is a sample content for the document. This is a sample content for the document. This is a sample content for the document. This is a sample content for the document. This is a sample content for the document. This is a sample content for the document. ,5.693958855198704
DOC_00461,Document about Programming and statistics,Programming,['statistics'],Programming document about statistics. This is a sample content for the document. This is a sample content for the document. This is a sample content for the document. This is a sample content for the document. This is a sample content for the document. This is a sample content for the document. This is a sample content for the document. ,8.05151352329118
DOC_00462,Document about Programming and world war II,Programming,['world war II'],Programming document about world war II. This is a sample content for the document. This is a sample content for the document. This is a sample content for the document. This is a sample content for the document. This is a sample content for the document. This is a sample content for the document. This is a sample content for the document. This is a sample content for the document. This is a sample content for the document. ,9.508344846533
DOC_00463,Document about Business and painting finance statistics,Business,['painting' 'finance' 'statistics'],Business document about painting finance statistics. This is a sample content for the document. This is a sample content for the document. This is a sample content for the document. This is a sample content for the document. This is a sample content for the document. ,9.989136422340891
DOC_00464,Document about Science and calculus java,Science,['calculus' 'java'],Science document about calculus java. This is a sample content for the document. This is a sample content for the document. This is a sample content for the document. This is a sample content for the document. This is a sample content for the document. This is a sample content for the document. This is a sample content for the document. This is a sample content for the document. This is a sample content for the document. ,5.250037831805839
DOC_00465,Document about Arts and poetry finance,Arts,['poetry' 'finance'],Arts document about poetry finance. This is a sample content for the document. This is a sample content for the document. This is a sample content for the document. This is a sample content for the document. This is a sample content for the document. This is a sample content for the document. This is a sample content for the document. This is a sample content for the document. This is a sample content for the document. This is a sample content for the document. This is a sample content for the document. This is a sample content for the document. This is a sample content for the document. This is a sample content for the document. ,9.646716724942198
DOC_00466,Document about History and painting,History,['painting'],History document about painting. This is a sample content for the document. This is a sample content for the document. This is a sample content for the document. This is a sample content for the document. This is a sample content for the document. ,8.943539117655213
DOC_00467,Document about Literature and world war II python,Literature,['world war II' 'python'],Literature document about world war II python. This is a sample content for the document. This is a sample content for the document. This is a sample content for the document. This is a sample content for the document. This is a sample content for the document. This is a sample content for the document. This is a sample content for the document. ,6.502074906229535
DOC_00468,Document about Programming and java marketing,Programming,['java' 'marketing'],Programming document about java marketing. This is a sample content for the document. This is a sample content for the document. This is a sample content for the document. This is a sample content for the document. This is a sample content for the document. This is a sample content for the document. This is a sample content for the document. This is a sample content for the document. This is a sample content for the document. This is a sample content for the document. ,8.169803821136242
DOC_00469,Document about Literature and music,Literature,['music'],Literature document about music. This is a sample content for the document. This is a sample content for the document. This is a sample content for the document. This is a sample content for the document. This is a sample content for the document. ,6.122858168164849
DOC_00470,Document about History and finance physics,History,['finance' 'physics'],History document about finance physics. This is a sample content for the document. This is a sample content for the document. This is a sample content for the document. This is a sample content for the document. This is a sample content for the document. This is a sample content for the document. This is a sample content for the document. ,9.623243078240463
DOC_00471,Document about Literature and medieval physics,Literature,['medieval' 'physics'],Literature document about medieval physics. This is a sample content for the document. This is a sample content for the document. This is a sample content for the document. This is a sample content for the document. This is a sample content for the document. This is a sample content for the document. This is a sample content for the document. This is a sample content for the document. ,8.395771752868512
DOC_00472,Document about Programming and python,Programming,['python'],Programming document about python. This is a sample content for the document. This is a sample content for the document. This is a sample content for the document. This is a sample content for the document. This is a sample content for the document. This is a sample content for the document. This is a sample content for the document. This is a sample content for the document. This is a sample content for the document. This is a sample content for the document. This is a sample content for the document. This is a sample content for the document. This is a sample content for the document. This is a sample content for the document. ,5.702471280015296
DOC_00473,Document about History and poetry painting,History,['poetry' 'painting'],History document about poetry painting. This is a sample content for the document. This is a sample content for the document. This is a sample content for the document. This is a sample content for the document. This is a sample content for the document. This is a sample content for the document. This is a sample content for the document. ,2.898729015579554
DOC_00474,Document about History and finance python calculus,History,['finance' 'python' 'calculus'],History document about finance python calculus. This is a sample content for the document. This is a sample content for the document. This is a sample content for the document. This is a sample content for the document. This is a sample content for the document. ,6.582113640650084
DOC_00475,Document about Mathematics and music finance,Mathematics,['music' 'finance'],Mathematics document about music finance. This is a sample content for the document. This is a sample content for the document. This is a sample content for the document. This is a sample content for the document. This is a sample content for the document. This is a sample content for the document. This is a sample content for the document. This is a sample content for the document. This is a sample content for the document. This is a sample content for the document. This is a sample content for the document. This is a sample content for the document. ,8.796043275208092
DOC_00476,Document about Science and poetry java finance,Science,['poetry' 'java' 'finance'],Science document about poetry java finance. This is a sample content for the document. This is a sample content for the document. This is a sample content for the document. This is a sample content for the document. This is a sample content for the document. This is a sample content for the document. This is a sample content for the document. This is a sample content for the document. This is a sample content for the document. This is a sample content for the document. ,7.185109091146146
DOC_00477,Document about Programming and physics music world war II,Programming,['physics' 'music' 'world war II'],Programming document about physics music world war II. This is a sample content for the document. This is a sample content for the document. This is a sample content for the document. This is a sample content for the document. This is a sample content for the document. This is a sample content for the document. This is a sample content for the document. This is a sample content for the document. This is a sample content for the document. This is a sample content for the document. This is a sample content for the document. ,8.759902809897444
DOC_00478,Document about History and statistics java,History,['statistics' 'java'],History document about statistics java. This is a sample content for the document. This is a sample content for the document. This is a sample content for the document. This is a sample content for the document. This is a sample content for the document. This is a sample content for the document. This is a sample content for the document. This is a sample content for the document. This is a sample content for the document. This is a sample content for the document. This is a sample content for the document. This is a sample content for the document. This is a sample content for the document. This is a sample content for the document. ,2.4072592748038755
DOC_00479,Document about Business and python,Business,['python'],Business document about python. This is a sample content for the document. This is a sample content for the document. This is a sample content for the document. This is a sample content for the document. This is a sample content for the document. This is a sample content for the document. This is a sample content for the document. This is a sample content for the document. This is a sample content for the document. This is a sample content for the document. This is a sample content for the document. ,3.668003989697378
DOC_00480,Document about Business and music,Business,['music'],Business document about music. This is a sample content for the document. This is a sample content for the document. This is a sample content for the document. This is a sample content for the document. This is a sample content for the document. This is a sample content for the document. This is a sample content for the document. This is a sample content for the document. This is a sample content for the document. This is a sample content for the document. ,3.716200502750396
DOC_00481,Document about Business and music,Business,['music'],Business document about music. This is a sample content for the document. This is a sample content for the document. This is a sample content for the document. This is a sample content for the document. This is a sample content for the document. This is a sample content for the document. This is a sample content for the document. This is a sample content for the document. This is a sample content for the document. This is a sample content for the document. ,1.7330249160204327
DOC_00482,Document about Business and novel physics calculus,Business,['novel' 'physics' 'calculus'],Business document about novel physics calculus. This is a sample content for the document. This is a sample content for the document. This is a sample content for the document. This is a sample content for the document. This is a sample content for the document. This is a sample content for the document. This is a sample content for the document. This is a sample content for the document. This is a sample content for the document. This is a sample content for the document. This is a sample content for the document. This is a sample content for the document. This is a sample content for the document. ,3.404296628835844
DOC_00483,Document about Literature and finance chemistry python,Literature,['finance' 'chemistry' 'python'],Literature document about finance chemistry python. This is a sample content for the document. This is a sample content for the document. This is a sample content for the document. This is a sample content for the document. This is a sample content for the document. This is a sample content for the document. ,9.725418094655604
DOC_00484,Document about Mathematics and java python painting,Mathematics,['java' 'python' 'painting'],Mathematics document about java python painting. This is a sample content for the document. This is a sample content for the document. This is a sample content for the document. This is a sample content for the document. This is a sample content for the document. This is a sample content for the document. This is a sample content for the document. This is a sample content for the document. This is a sample content for the document. This is a sample content for the document. ,7.270200890858772
DOC_00485,Document about Science and novel,Science,['novel'],Science document about novel. This is a sample content for the document. This is a sample content for the document. This is a sample content for the document. This is a sample content for the document. This is a sample content for the document. This is a sample content for the document. This is a sample content for the document. This is a sample content for the document. This is a sample content for the document. This is a sample content for the document. This is a sample content for the document. This is a sample content for the document. This is a sample content for the document. ,7.766151286305307
DOC_00486,Document about History and python chemistry world war II,History,['python' 'chemistry' 'world war II'],History document about python chemistry world war II. This is a sample content for the document. This is a sample content for the document. This is a sample content for the document. This is a sample content for the document. This is a sample content for the document. This is a sample content for the document. This is a sample content for the document. This is a sample content for the document. ,5.727864380056492
DOC_00487,Document about Programming and marketing medieval painting,Programming,['marketing' 'medieval' 'painting'],Programming document about marketing medieval painting. This is a sample content for the document. This is a sample content for the document. This is a sample content for the document. This is a sample content for the document. This is a sample content for the document. ,1.1072618468041788
DOC_00488,Document about Science and marketing python calculus,Science,['marketing' 'python' 'calculus'],Science document about marketing python calculus. This is a sample content for the document. This is a sample content for the document. This is a sample content for the document. This is a sample content for the document. This is a sample content for the document. This is a sample content for the document. This is a sample content for the document. This is a sample content for the document. This is a sample content for the document. This is a sample content for the document. ,8.549554030887432
DOC_00489,Document about Science and python,Science,['python'],Science document about python. This is a sample content for the document. This is a sample content for the document. This is a sample content for the document. This is a sample content for the document. This is a sample content for the document. This is a sample content for the document. ,4.081556109662737
DOC_00490,Document about Programming and statistics java world war II,Programming,['statistics' 'java' 'world war II'],Programming document about statistics java world war II. This is a sample content for the document. This is a sample content for the document. This is a sample content for the document. This is a sample content for the document. This is a sample content for the document. This is a sample content for the document. This is a sample content for the document. This is a sample content for the document. This is a sample content for the document. This is a sample content for the document. ,1.441041804741462
DOC_00491,Document about Business and chemistry calculus medieval,Business,['chemistry' 'calculus' 'medieval'],Business document about chemistry calculus medieval. This is a sample content for the document. This is a sample content for the document. This is a sample content for the document. This is a sample content for the document. This is a sample content for the document. This is a sample content for the document. This is a sample content for the document. This is a sample content for the document. This is a sample content for the document. This is a sample content for the document. This is a sample content for the document. This is a sample content for the document. ,7.675157160926408
DOC_00492,Document about Literature and marketing finance,Literature,['marketing' 'finance'],Literature document about marketing finance. This is a sample content for the document. This is a sample content for the document. This is a sample content for the document. This is a sample content for the document. This is a sample content for the document. This is a sample content for the document. This is a sample content for the document. This is a sample content for the document. This is a sample content for the document. This is a sample content for the document. This is a sample content for the document. This is a sample content for the document. This is a sample content for the document. This is a sample content for the document. ,2.6569119102486125
DOC_00493,Document about Business and music,Business,['music'],Business document about music. This is a sample content for the document. This is a sample content for the document. This is a sample content for the document. This is a sample content for the document. This is a sample content for the document. This is a sample content for the document. This is a sample content for the document. This is a sample content for the document. ,8.657674815898858
DOC_00494,Document about History and novel,History,['novel'],History document about novel. This is a sample content for the document. This is a sample content for the document. This is a sample content for the document. This is a sample content for the document. This is a sample content for the document. This is a sample content for the document. This is a sample content for the document. This is a sample content for the document. This is a sample content for the document. This is a sample content for the document. This is a sample content for the document. This is a sample content for the document. ,3.1184493570852183
DOC_00495,Document about History and chemistry,History,['chemistry'],History document about chemistry. This is a sample content for the document. This is a sample content for the document. This is a sample content for the document. This is a sample content for the document. This is a sample content for the document. This is a sample content for the document. This is a sample content for the document. This is a sample content for the document. This is a sample content for the document. This is a sample content for the document. This is a sample content for the document. This is a sample content for the document. This is a sample content for the document. ,4.1569986070928096
DOC_00496,Document about Programming and marketing python chemistry,Programming,['marketing' 'python' 'chemistry'],Programming document about marketing python chemistry. This is a sample content for the document. This is a sample content for the document. This is a sample content for the document. This is a sample content for the document. This is a sample content for the document. This is a sample content for the document. This is a sample content for the document. This is a sample content for the document. This is a sample content for the document. This is a sample content for the document. This is a sample content for the document. This is a sample content for the document. This is a sample content for the document. This is a sample content for the document. ,1.4990071213345728
DOC_00497,Document about Arts and medieval chemistry calculus,Arts,['medieval' 'chemistry' 'calculus'],Arts document about medieval chemistry calculus. This is a sample content for the document. This is a sample content for the document. This is a sample content for the document. This is a sample content for the document. This is a sample content for the document. This is a sample content for the document. This is a sample content for the document. This is a sample content for the document. ,5.911017984717713
DOC_00498,Document about Literature and physics,Literature,['physics'],Literature document about physics. This is a sample content for the document. This is a sample content for the document. This is a sample content for the document. This is a sample content for the document. This is a sample content for the document. This is a sample content for the document. This is a sample content for the document. ,2.172883898551023
DOC_00499,Document about Science and statistics,Science,['statistics'],Science document about statistics. This is a sample content for the document. This is a sample content for the document. This is a sample content for the document. This is a sample content for the document. This is a sample content for the document. This is a sample content for the document. This is a sample content for the document. This is a sample content for the document. This is a sample content for the document. This is a sample content for the document. ,3.0645415193894383
DOC_00500,Document about History and music finance java,History,['music' 'finance' 'java'],History document about music finance java. This is a sample content for the document. This is a sample content for the document. This is a sample content for the document. This is a sample content for the document. This is a sample content for the document. This is a sample content for the document. This is a sample content for the document. This is a sample content for the document. This is a sample content for the document. ,2.6508127914816044
DOC_00501,AI Basics,Science,,Introduction to AI,4.5
DOC_00502,Python Programming,Science,,Learn Python from scratch,4.8
