account_id,document_id,timestamp,view_time,rating
USER_00048,DOC_00238,2025-03-22 23:30:48.965633,285.5405412478276,2.0
USER_00041,DOC_00211,2024-11-04 23:30:48.965926,515.6871943698504,
USER_00029,DOC_00391,2024-12-08 23:30:48.966101,138.47173585207295,1.0
USER_00032,DOC_00074,2024-03-27 23:30:48.966263,564.8933471226763,
USER_00009,DOC_00433,2024-09-20 23:30:48.966427,159.17406640727066,1.0
USER_00029,DOC_00381,2024-10-05 23:30:48.966597,105.91111149953491,1.0
USER_00029,DOC_00335,2024-10-03 23:30:48.966758,231.43959400607812,2.0
USER_00080,DOC_00075,2024-05-08 23:30:48.966916,394.8458565628833,3.0
USER_00045,DOC_00362,2024-05-15 23:30:48.967076,546.6430121543777,5.0
USER_00077,DOC_00196,2025-03-16 23:30:48.967234,254.08655882691795,2.0
USER_00044,DOC_00098,2024-11-07 23:30:48.967399,479.11506669076755,4.0
USER_00032,DOC_00289,2024-11-13 23:30:48.967559,186.6596436338329,1.0
USER_00090,DOC_00185,2025-03-21 23:30:48.967722,163.79037635143257,1.0
USER_00046,DOC_00068,2024-05-17 23:30:48.967881,255.53495837963308,3.0
USER_00087,DOC_00393,2025-02-21 23:30:48.968042,20.93342782065664,1.0
USER_00047,DOC_00130,2024-12-08 23:30:48.968202,153.78784502356217,1.0
USER_00044,DOC_00330,2024-06-11 23:30:48.968362,441.8049149990355,4.0
USER_00071,DOC_00255,2025-02-26 23:30:48.968520,223.3087107801444,2.0
USER_00057,DOC_00126,2024-05-23 23:30:48.968678,516.7700861015893,4.0
USER_00042,DOC_00204,2024-10-29 23:30:48.968837,252.45610588656484,2.0
USER_00085,DOC_00100,2024-09-18 23:30:48.968997,65.20005007827797,1.0
USER_00094,DOC_00114,2024-12-16 23:30:48.969153,213.7060857136613,2.0
USER_00057,DOC_00367,2024-06-16 23:30:48.969307,576.2499756625618,
USER_00019,DOC_00261,2025-02-12 23:30:48.969462,212.5928958489978,2.0
USER_00096,DOC_00026,2024-10-08 23:30:48.969620,266.82270727070414,2.0
USER_00060,DOC_00169,2024-12-17 23:30:48.969773,95.85520722858071,
USER_00016,DOC_00279,2024-12-08 23:30:48.969930,235.91277828197502,2.0
USER_00092,DOC_00373,2024-06-28 23:30:48.970086,499.6643599953416,4.0
USER_00028,DOC_00161,2024-11-27 23:30:48.970244,329.3305465159598,3.0
USER_00030,DOC_00282,2024-10-21 23:30:48.970396,221.6580812203043,
USER_00048,DOC_00449,2025-02-02 23:30:48.970552,87.0968519438248,1.0
USER_00038,DOC_00106,2024-04-28 23:30:48.970719,434.0325669239496,4.0
USER_00017,DOC_00247,2024-07-21 23:30:48.970879,138.45769029135232,1.0
USER_00006,DOC_00026,2024-10-24 23:30:48.971038,324.5026211558796,3.0
USER_00048,DOC_00455,2024-08-23 23:30:48.971191,98.1673925257936,
USER_00010,DOC_00183,2024-06-28 23:30:48.971347,140.0775837896282,1.0
USER_00098,DOC_00051,2024-11-24 23:30:48.971503,560.2353024271498,5.0
USER_00059,DOC_00326,2024-08-26 23:30:48.971666,221.66589959255154,2.0
USER_00073,DOC_00372,2024-11-23 23:30:48.971820,577.7056169684074,
USER_00094,DOC_00452,2024-08-26 23:30:48.971977,468.3246066717658,4.0
USER_00012,DOC_00333,2025-02-28 23:30:48.972144,310.4031996819355,2.0
USER_00099,DOC_00406,2024-11-01 23:30:48.972302,442.2414925518353,3.0
USER_00060,DOC_00351,2024-09-13 23:30:48.972463,148.2517887338108,2.0
USER_00032,DOC_00064,2025-02-21 23:30:48.972621,186.68005712121024,2.0
USER_00026,DOC_00029,2024-06-16 23:30:48.972773,104.20314612661893,
USER_00048,DOC_00321,2024-06-03 23:30:48.972929,81.74710301535369,1.0
USER_00087,DOC_00149,2024-09-07 23:30:48.973087,488.45176367684024,5.0
USER_00044,DOC_00356,2024-07-23 23:30:48.973986,57.59516276079465,1.0
USER_00003,DOC_00076,2024-08-21 23:30:48.974152,490.0890597468117,4.0
USER_00030,DOC_00069,2024-12-15 23:30:48.974305,180.59869732794905,
USER_00091,DOC_00497,2024-12-20 23:30:48.974457,232.43455005565932,
USER_00046,DOC_00165,2024-11-14 23:30:48.974678,589.8874695346981,5.0
USER_00027,DOC_00227,2024-09-25 23:30:48.974832,39.212451524353185,1.0
USER_00045,DOC_00341,2025-02-27 23:30:48.974986,281.14215672825793,2.0
USER_00002,DOC_00121,2024-08-11 23:30:48.975138,461.43782141814575,3.0
USER_00001,DOC_00307,2024-05-15 23:30:48.975290,517.3650213682115,4.0
USER_00035,DOC_00332,2024-09-20 23:30:48.975441,459.8950822875655,4.0
USER_00047,DOC_00438,2025-01-14 23:30:48.975590,492.5150234040525,
USER_00088,DOC_00104,2025-03-08 23:30:48.975784,454.5506072134236,4.0
USER_00076,DOC_00205,2024-07-11 23:30:48.975994,513.4380311546491,
USER_00096,DOC_00254,2024-11-07 23:30:48.976141,164.9903314311418,
USER_00087,DOC_00384,2025-03-09 23:30:48.976287,373.5479494754324,
USER_00036,DOC_00497,2024-06-17 23:30:48.976436,387.1290793400763,3.0
USER_00082,DOC_00305,2024-05-17 23:30:48.976587,237.21261256405305,2.0
USER_00016,DOC_00227,2024-10-24 23:30:48.976733,104.90757315620776,
USER_00014,DOC_00079,2024-06-18 23:30:48.976882,308.62251308984014,
USER_00057,DOC_00491,2024-06-22 23:30:48.977032,570.6647419307302,5.0
USER_00053,DOC_00359,2024-07-29 23:30:48.977185,211.17027244286595,
USER_00033,DOC_00231,2025-03-07 23:30:48.977382,336.97071409282677,3.0
USER_00019,DOC_00219,2024-09-09 23:30:48.977533,545.9248540433756,5.0
USER_00074,DOC_00202,2024-07-14 23:30:48.977683,466.1689381307057,4.0
USER_00094,DOC_00383,2025-03-08 23:30:48.977835,134.17120658415521,1.0
USER_00040,DOC_00012,2024-06-24 23:30:48.977986,186.11092786422833,1.0
USER_00032,DOC_00297,2024-11-07 23:30:48.978141,303.5346918559158,3.0
USER_00092,DOC_00437,2025-01-28 23:30:48.978292,22.478395776155608,1.0
USER_00001,DOC_00101,2024-07-30 23:30:48.978438,130.9377473672874,
USER_00026,DOC_00121,2024-05-26 23:30:48.978581,126.93586798878421,
USER_00031,DOC_00472,2024-08-04 23:30:48.978737,121.50153938299331,1.0
USER_00036,DOC_00256,2024-04-11 23:30:48.978888,82.90422756692993,1.0
USER_00025,DOC_00187,2024-06-15 23:30:48.979039,554.738752398222,4.0
USER_00009,DOC_00227,2025-01-30 23:30:48.979189,593.5839382741527,5.0
USER_00092,DOC_00355,2024-12-14 23:30:48.979333,236.1988395428791,
USER_00094,DOC_00087,2024-10-10 23:30:48.979481,77.94191456769352,1.0
USER_00079,DOC_00029,2024-06-26 23:30:48.979630,328.40045545285994,2.0
USER_00004,DOC_00214,2024-04-27 23:30:48.979779,560.5838210589208,5.0
USER_00028,DOC_00194,2024-08-07 23:30:48.979924,73.95621990280742,
USER_00018,DOC_00439,2024-09-14 23:30:48.980072,66.196871043993,1.0
USER_00076,DOC_00323,2024-06-02 23:30:48.980295,39.69053043145173,1.0
USER_00025,DOC_00021,2025-02-04 23:30:48.980456,449.92071618709616,
USER_00086,DOC_00149,2024-11-03 23:30:48.980721,101.32376055920606,1.0
USER_00069,DOC_00260,2024-12-13 23:30:48.980874,46.3880043363649,1.0
USER_00021,DOC_00442,2024-04-21 23:30:48.981023,188.54767792796545,1.0
USER_00043,DOC_00095,2024-12-14 23:30:48.981172,312.0437921023374,3.0
USER_00012,DOC_00237,2024-04-21 23:30:48.981320,205.67812806444033,
USER_00096,DOC_00135,2024-05-02 23:30:48.981470,74.9839469221902,1.0
USER_00088,DOC_00262,2024-03-31 23:30:48.981619,161.52972225785928,1.0
USER_00034,DOC_00168,2024-05-07 23:30:48.981768,563.1138917154717,4.0
USER_00018,DOC_00044,2024-09-06 23:30:48.981914,65.24340706684124,
USER_00023,DOC_00469,2024-12-21 23:30:48.982065,552.8236310020832,4.0
USER_00042,DOC_00284,2024-11-08 23:30:48.982217,295.3775856566084,3.0
USER_00053,DOC_00456,2024-05-23 23:30:48.982366,153.6817199507264,
USER_00098,DOC_00286,2024-06-04 23:30:48.982515,316.9148185570925,2.0
USER_00098,DOC_00007,2025-01-30 23:30:48.982663,427.2647137178997,3.0
USER_00004,DOC_00490,2024-10-19 23:30:48.982811,470.60242406583876,4.0
USER_00069,DOC_00323,2024-12-31 23:30:48.982960,305.6860115599193,3.0
USER_00011,DOC_00360,2024-09-16 23:30:48.983110,521.4246765562086,
USER_00071,DOC_00366,2025-03-15 23:30:48.983255,140.43221616025517,
USER_00048,DOC_00115,2025-01-05 23:30:48.983404,367.9625591623023,3.0
USER_00025,DOC_00403,2025-01-09 23:30:48.983554,536.2051467049619,4.0
USER_00063,DOC_00324,2024-08-30 23:30:48.983705,334.42738348216415,3.0
USER_00033,DOC_00240,2024-07-08 23:30:48.983852,81.0842752386961,
USER_00082,DOC_00459,2024-07-16 23:30:48.984004,542.7864453607589,5.0
USER_00040,DOC_00492,2024-07-09 23:30:48.984152,386.55240487396077,4.0
USER_00093,DOC_00225,2024-09-05 23:30:48.984297,502.9687324807874,
USER_00060,DOC_00353,2024-10-20 23:30:48.984446,507.7715125023368,5.0
USER_00001,DOC_00235,2024-06-24 23:30:48.984596,236.52873525345157,2.0
USER_00008,DOC_00057,2024-07-25 23:30:48.984747,60.234745568088464,1.0
USER_00071,DOC_00463,2024-06-16 23:30:48.984892,198.635301110514,
USER_00067,DOC_00252,2024-05-26 23:30:48.985037,406.5109988981635,
USER_00022,DOC_00139,2024-05-26 23:30:48.985185,424.8878730175373,4.0
USER_00038,DOC_00136,2024-04-06 23:30:48.985342,271.44513374051957,2.0
USER_00079,DOC_00236,2024-05-20 23:30:48.985491,510.67786562028004,
USER_00080,DOC_00221,2024-08-31 23:30:48.985637,173.73845489241162,
USER_00021,DOC_00186,2024-11-23 23:30:48.985788,392.1548321081611,3.0
USER_00013,DOC_00065,2024-08-03 23:30:48.985940,55.266805679053455,1.0
USER_00067,DOC_00395,2025-03-13 23:30:48.986089,285.34306194020985,2.0
USER_00062,DOC_00118,2024-05-16 23:30:48.986238,167.68262423676643,1.0
USER_00001,DOC_00056,2024-06-29 23:30:48.986384,459.842267944069,
USER_00035,DOC_00333,2024-05-20 23:30:48.986534,406.4916596865157,4.0
USER_00080,DOC_00135,2024-08-11 23:30:48.986682,171.46316710366003,
USER_00058,DOC_00093,2025-01-28 23:30:48.986830,599.6084051902675,5.0
USER_00062,DOC_00240,2024-04-04 23:30:48.986974,274.0251462081527,
USER_00077,DOC_00439,2024-10-30 23:30:48.987123,133.34429598071102,
USER_00002,DOC_00141,2024-11-01 23:30:48.987271,381.3599895590893,3.0
USER_00095,DOC_00232,2024-11-04 23:30:48.987416,307.1944664080742,
USER_00073,DOC_00023,2024-04-11 23:30:48.987560,561.9585834277258,
USER_00025,DOC_00333,2024-03-26 23:30:48.987714,433.6800253940533,4.0
USER_00054,DOC_00389,2025-02-05 23:30:48.987868,112.46626580306051,1.0
USER_00071,DOC_00422,2024-10-08 23:30:48.988013,309.92973766310945,
USER_00037,DOC_00119,2024-12-23 23:30:48.988162,343.3220385149592,3.0
USER_00033,DOC_00494,2024-10-20 23:30:48.988311,92.89930883407003,1.0
USER_00008,DOC_00407,2024-07-13 23:30:48.988461,552.0609098345084,5.0
USER_00093,DOC_00114,2024-10-09 23:30:48.988609,525.2830595264484,5.0
USER_00038,DOC_00181,2024-05-28 23:30:48.988754,186.55656736349465,
USER_00060,DOC_00332,2024-09-29 23:30:48.988903,121.81623551005231,1.0
USER_00012,DOC_00096,2024-08-12 23:30:48.989049,550.095558865355,
USER_00006,DOC_00122,2024-09-23 23:30:48.989196,533.5905975439678,4.0
USER_00062,DOC_00453,2024-12-18 23:30:48.989341,569.0634245311853,
USER_00090,DOC_00244,2024-09-21 23:30:48.989486,435.6550026946475,
USER_00076,DOC_00092,2024-05-14 23:30:48.989636,374.54132610310165,3.0
USER_00059,DOC_00221,2024-06-21 23:30:48.989820,322.4248328632499,2.0
USER_00051,DOC_00334,2024-12-10 23:30:48.990120,361.2133362513922,3.0
USER_00033,DOC_00287,2024-12-01 23:30:48.990383,180.0170685015313,1.0
USER_00062,DOC_00023,2024-11-13 23:30:48.990532,544.9254452016794,5.0
USER_00038,DOC_00212,2024-06-24 23:30:48.990682,214.90019984036167,2.0
USER_00059,DOC_00394,2025-02-07 23:30:48.990827,297.18311852786616,
USER_00091,DOC_00443,2024-09-14 23:30:48.990971,164.22441677063298,
USER_00087,DOC_00160,2024-09-15 23:30:48.991118,496.0988651585519,5.0
USER_00047,DOC_00290,2024-09-01 23:30:48.991267,454.7232392065809,4.0
USER_00085,DOC_00040,2024-12-31 23:30:48.991415,359.571152714079,3.0
USER_00047,DOC_00262,2024-10-04 23:30:48.991568,76.30770005200024,1.0
USER_00039,DOC_00177,2024-05-17 23:30:48.991720,173.40322469351983,2.0
USER_00001,DOC_00049,2025-02-27 23:30:48.991868,579.9526608868231,5.0
USER_00007,DOC_00127,2024-05-01 23:30:48.992012,319.3458136206714,
USER_00097,DOC_00455,2024-08-08 23:30:48.992171,289.92737610826873,2.0
USER_00092,DOC_00441,2024-04-14 23:30:48.992324,174.81366264942366,2.0
USER_00080,DOC_00353,2024-10-16 23:30:48.992472,508.8513783959307,
USER_00093,DOC_00128,2024-03-30 23:30:48.992618,382.02805823642524,
USER_00015,DOC_00313,2024-09-11 23:30:48.992773,101.85863267600043,1.0
USER_00016,DOC_00423,2024-11-20 23:30:48.992920,49.3292995957506,
USER_00019,DOC_00455,2024-05-31 23:30:48.993067,225.56643651488514,
USER_00075,DOC_00472,2024-05-02 23:30:48.993217,202.40257341688812,2.0
USER_00029,DOC_00363,2024-12-01 23:30:48.993366,281.365751263438,2.0
USER_00057,DOC_00165,2024-08-11 23:30:48.993519,208.47229680771656,2.0
USER_00065,DOC_00115,2024-11-05 23:30:48.993663,152.00213793827237,
USER_00097,DOC_00449,2024-08-30 23:30:48.993813,317.8802164300617,2.0
USER_00031,DOC_00475,2024-05-19 23:30:48.993964,336.8422704281822,3.0
USER_00017,DOC_00086,2024-07-07 23:30:48.994114,368.63906620777846,3.0
USER_00036,DOC_00006,2024-12-25 23:30:48.994264,421.23767822121516,3.0
USER_00026,DOC_00439,2024-04-21 23:30:48.994414,334.3610852469518,2.0
USER_00021,DOC_00046,2024-04-18 23:30:48.994558,427.014121764198,
USER_00029,DOC_00220,2025-01-17 23:30:48.994706,556.0939754222603,5.0
USER_00079,DOC_00086,2024-12-23 23:30:48.994855,61.105658904269475,1.0
USER_00013,DOC_00289,2024-04-24 23:30:48.995005,179.32221168821053,1.0
USER_00024,DOC_00323,2024-12-20 23:30:48.995155,236.5712536393253,
USER_00099,DOC_00048,2024-06-01 23:30:48.995303,546.3469003090715,5.0
USER_00049,DOC_00341,2024-11-23 23:30:48.995450,361.8722238185523,3.0
USER_00098,DOC_00202,2024-04-02 23:30:48.995595,162.45166224351834,
USER_00088,DOC_00460,2024-09-19 23:30:48.995753,191.92775178895727,
USER_00037,DOC_00134,2024-10-22 23:30:48.995904,406.9672742492697,4.0
USER_00079,DOC_00346,2024-07-21 23:30:48.996054,128.51753628273468,1.0
USER_00099,DOC_00106,2024-09-01 23:30:48.996202,462.6307238849459,
USER_00038,DOC_00267,2024-11-05 23:30:48.996351,213.93759196969697,
USER_00036,DOC_00052,2024-05-14 23:30:48.996497,334.1025554597488,
USER_00056,DOC_00152,2024-07-01 23:30:48.996683,279.2839294303304,2.0
USER_00060,DOC_00386,2024-09-07 23:30:48.996848,456.25007229874427,
USER_00067,DOC_00056,2024-11-06 23:30:48.997013,167.92437794463555,2.0
USER_00038,DOC_00303,2025-01-01 23:30:48.997167,536.4203701674828,4.0
USER_00088,DOC_00002,2024-12-20 23:30:48.997318,151.22820344180735,1.0
USER_00042,DOC_00133,2024-08-23 23:30:48.997469,184.74429167980912,1.0
USER_00020,DOC_00061,2024-06-19 23:30:48.997621,537.1708831220576,
USER_00020,DOC_00082,2024-06-05 23:30:48.997785,477.68861798113295,4.0
USER_00069,DOC_00203,2024-06-17 23:30:48.997935,47.319511250220955,1.0
USER_00077,DOC_00152,2024-05-07 23:30:48.998084,525.9403109373491,4.0
USER_00075,DOC_00435,2025-01-29 23:30:48.998232,20.410644505377448,1.0
USER_00039,DOC_00042,2024-09-18 23:30:48.998381,217.5087925956969,1.0
USER_00014,DOC_00204,2024-06-09 23:30:48.998524,409.45231078038603,
USER_00042,DOC_00416,2024-12-08 23:30:48.998671,434.5517426021217,4.0
USER_00002,DOC_00337,2024-05-20 23:30:48.998830,347.01562147339513,
USER_00091,DOC_00393,2024-11-15 23:30:48.998979,249.7797092125873,
USER_00073,DOC_00340,2024-12-09 23:30:48.999131,331.5992135873352,3.0
USER_00022,DOC_00146,2024-09-04 23:30:48.999278,496.0092325282568,
USER_00006,DOC_00211,2024-06-25 23:30:48.999429,426.1602584145298,4.0
USER_00001,DOC_00371,2024-10-10 23:30:48.999577,54.560980755273256,
USER_00081,DOC_00192,2024-10-14 23:30:48.999729,62.894816429050614,1.0
USER_00066,DOC_00286,2024-09-03 23:30:48.999880,289.7202247469375,2.0
USER_00024,DOC_00132,2024-07-14 23:30:49.000032,402.0258876850231,
USER_00088,DOC_00194,2024-09-04 23:30:49.000182,94.279085479235,
USER_00028,DOC_00035,2024-12-29 23:30:49.000332,518.4878557439497,5.0
USER_00009,DOC_00188,2024-05-03 23:30:49.000482,451.082305578671,
USER_00022,DOC_00320,2024-06-16 23:30:49.000634,189.54147917430996,1.0
USER_00091,DOC_00105,2025-03-15 23:30:49.000782,114.75917263080143,
USER_00060,DOC_00381,2024-06-10 23:30:49.001228,175.46848820843263,1.0
USER_00098,DOC_00169,2024-07-22 23:30:49.001411,330.9776795237996,3.0
USER_00079,DOC_00008,2024-08-28 23:30:49.001572,203.67050267362885,2.0
USER_00086,DOC_00204,2025-02-23 23:30:49.001744,263.6004419326715,2.0
USER_00082,DOC_00010,2025-01-18 23:30:49.001896,42.29953953316112,1.0
USER_00015,DOC_00388,2025-02-18 23:30:49.002079,171.90291539022132,2.0
USER_00048,DOC_00033,2024-09-23 23:30:49.002233,334.82172736579736,
USER_00084,DOC_00065,2025-02-24 23:30:49.002416,72.86523585750666,1.0
USER_00095,DOC_00023,2024-11-05 23:30:49.002599,194.5783305233442,2.0
USER_00028,DOC_00298,2025-01-02 23:30:49.002749,225.48447649156034,2.0
USER_00073,DOC_00010,2024-09-07 23:30:49.003037,496.318111694496,4.0
USER_00030,DOC_00479,2024-11-14 23:30:49.003215,17.56477321125744,
USER_00037,DOC_00385,2024-06-16 23:30:49.003416,148.98390141075575,
USER_00003,DOC_00265,2024-06-07 23:30:49.003568,487.5622181930608,
USER_00043,DOC_00074,2024-09-11 23:30:49.003724,579.8045618917293,5.0
USER_00032,DOC_00106,2025-01-11 23:30:49.003878,83.41618268858556,
USER_00048,DOC_00306,2025-02-06 23:30:49.004033,62.51574358864521,1.0
USER_00069,DOC_00114,2024-05-29 23:30:49.004190,240.2698661112505,2.0
USER_00020,DOC_00404,2024-10-21 23:30:49.004345,549.7021039493196,4.0
USER_00030,DOC_00201,2024-07-20 23:30:49.004558,205.28524908600778,
USER_00068,DOC_00445,2024-03-30 23:30:49.004970,363.41651608600483,3.0
USER_00017,DOC_00275,2024-04-27 23:30:49.005283,470.9614819693584,4.0
USER_00080,DOC_00414,2025-01-27 23:30:49.005771,595.3241111089002,5.0
USER_00022,DOC_00345,2025-03-01 23:30:49.006061,575.0823283239713,5.0
USER_00047,DOC_00013,2025-01-06 23:30:49.006465,195.82171653206808,1.0
USER_00035,DOC_00169,2024-05-13 23:30:49.006781,58.919603022743885,1.0
USER_00041,DOC_00112,2024-10-19 23:30:49.007370,123.77536927592492,1.0
USER_00037,DOC_00105,2024-11-06 23:30:49.007941,15.7698343803995,1.0
USER_00047,DOC_00331,2024-10-12 23:30:49.008241,562.6301697049618,5.0
USER_00066,DOC_00331,2024-06-23 23:30:49.008493,281.7437049098533,
USER_00020,DOC_00239,2024-12-10 23:30:49.008849,455.97296394501166,3.0
USER_00042,DOC_00186,2025-03-05 23:30:49.009090,198.83514286831368,1.0
USER_00072,DOC_00220,2024-07-31 23:30:49.009308,381.0351552038501,
USER_00086,DOC_00465,2025-03-15 23:30:49.009737,171.70908542818748,
USER_00062,DOC_00350,2024-11-05 23:30:49.010082,255.48169554112485,
USER_00020,DOC_00291,2025-03-20 23:30:49.010339,392.5883993670466,4.0
USER_00027,DOC_00172,2024-07-27 23:30:49.010510,373.0552259708588,4.0
USER_00091,DOC_00213,2024-11-05 23:30:49.010711,511.80187466646936,
USER_00077,DOC_00381,2024-07-11 23:30:49.010922,247.79286716520798,2.0
USER_00026,DOC_00102,2024-12-26 23:30:49.011144,395.90575624389106,3.0
USER_00083,DOC_00369,2024-07-01 23:30:49.011362,290.3508109533507,3.0
USER_00086,DOC_00205,2024-12-30 23:30:49.011584,489.060968010573,
USER_00015,DOC_00352,2024-11-03 23:30:49.011767,181.3172453667521,
USER_00062,DOC_00251,2024-08-27 23:30:49.012104,584.2862740298496,
USER_00096,DOC_00043,2025-03-08 23:30:49.012368,273.59557371536806,3.0
USER_00078,DOC_00464,2025-02-03 23:30:49.012601,254.0502931893423,2.0
USER_00051,DOC_00246,2025-03-09 23:30:49.012897,245.83453507491228,
USER_00082,DOC_00255,2024-05-27 23:30:49.013149,258.8796029583655,3.0
USER_00062,DOC_00463,2024-08-06 23:30:49.013336,287.7816874258799,2.0
USER_00046,DOC_00440,2024-09-15 23:30:49.013503,511.4071367122442,4.0
USER_00089,DOC_00052,2025-03-04 23:30:49.013721,465.03341367957506,4.0
USER_00033,DOC_00328,2024-11-11 23:30:49.013942,218.08776090014348,2.0
USER_00055,DOC_00061,2024-11-28 23:30:49.014145,287.7165089164031,2.0
USER_00061,DOC_00271,2024-06-05 23:30:49.014361,215.76913596369215,1.0
USER_00082,DOC_00495,2025-02-03 23:30:49.014557,403.5517457039588,
USER_00065,DOC_00219,2024-12-31 23:30:49.014764,400.1965825274273,3.0
USER_00057,DOC_00376,2025-01-07 23:30:49.014958,232.31827038678537,1.0
USER_00030,DOC_00020,2024-11-14 23:30:49.015162,156.74798233646854,1.0
USER_00023,DOC_00279,2024-05-21 23:30:49.015347,22.424092298228825,1.0
USER_00064,DOC_00052,2024-09-14 23:30:49.015527,144.6178891130344,
USER_00051,DOC_00393,2024-05-28 23:30:49.015712,423.26837060037116,3.0
USER_00068,DOC_00417,2024-04-02 23:30:49.015898,11.717913521935357,1.0
USER_00020,DOC_00489,2024-09-15 23:30:49.016076,277.986507661496,
USER_00018,DOC_00094,2024-06-29 23:30:49.016258,274.69322905446313,2.0
USER_00021,DOC_00281,2024-12-25 23:30:49.016440,308.40597198283444,3.0
USER_00099,DOC_00116,2024-08-27 23:30:49.016650,473.1540333628746,
USER_00025,DOC_00443,2024-06-18 23:30:49.016860,528.1689559620845,5.0
USER_00009,DOC_00118,2025-03-10 23:30:49.017031,283.49533655234126,
USER_00001,DOC_00346,2024-04-12 23:30:49.017207,547.3862899949337,
USER_00047,DOC_00172,2024-04-19 23:30:49.017385,267.5832158276764,2.0
USER_00072,DOC_00418,2024-08-21 23:30:49.017567,152.95306422827525,
USER_00072,DOC_00476,2024-03-27 23:30:49.017742,21.473292467532502,
USER_00093,DOC_00321,2024-08-11 23:30:49.017915,44.38242792073894,
USER_00090,DOC_00337,2024-06-28 23:30:49.018096,15.309207797120905,1.0
USER_00066,DOC_00380,2024-08-22 23:30:49.018274,29.439242264862685,1.0
USER_00015,DOC_00266,2025-02-24 23:30:49.018451,60.61862809069879,1.0
USER_00065,DOC_00017,2024-08-26 23:30:49.018628,35.47047160913545,1.0
USER_00047,DOC_00294,2024-09-01 23:30:49.018799,172.50364314728898,
USER_00053,DOC_00462,2025-02-21 23:30:49.018976,575.8242638240499,5.0
USER_00007,DOC_00058,2024-10-19 23:30:49.019225,401.8193959772557,4.0
USER_00030,DOC_00037,2024-05-20 23:30:49.019442,551.7881708741751,4.0
USER_00056,DOC_00332,2024-12-22 23:30:49.019636,484.58090434124335,4.0
USER_00023,DOC_00447,2024-08-18 23:30:49.019825,465.9995407034757,4.0
USER_00094,DOC_00161,2024-03-26 23:30:49.020010,51.571799823505394,1.0
USER_00082,DOC_00327,2024-06-09 23:30:49.020193,547.8388244056147,5.0
USER_00086,DOC_00234,2024-06-28 23:30:49.020374,551.4775991547448,5.0
USER_00058,DOC_00131,2024-06-07 23:30:49.020557,397.15975842042786,3.0
USER_00096,DOC_00377,2024-07-05 23:30:49.020738,434.77612822799296,
USER_00085,DOC_00353,2024-11-26 23:30:49.020919,190.65559308442792,1.0
USER_00098,DOC_00192,2024-07-23 23:30:49.021108,354.74864173999833,3.0
USER_00073,DOC_00357,2024-11-19 23:30:49.021291,444.8674754100634,4.0
USER_00051,DOC_00073,2025-01-05 23:30:49.021496,370.50381280973545,3.0
USER_00092,DOC_00186,2024-06-22 23:30:49.021694,152.64105941301213,2.0
USER_00021,DOC_00219,2024-07-29 23:30:49.021895,220.27039458694347,2.0
USER_00082,DOC_00492,2025-01-22 23:30:49.022098,244.6862774033134,3.0
USER_00093,DOC_00196,2024-12-03 23:30:49.022307,144.57922296240721,
USER_00002,DOC_00089,2024-12-25 23:30:49.022524,306.1419926607078,3.0
USER_00018,DOC_00182,2024-09-09 23:30:49.022699,456.95355194868904,
USER_00041,DOC_00165,2024-11-30 23:30:49.022893,462.032689933839,
USER_00083,DOC_00056,2024-12-12 23:30:49.023088,385.2043502774458,
USER_00078,DOC_00177,2024-09-06 23:30:49.023305,561.0525769224441,4.0
USER_00083,DOC_00287,2025-03-01 23:30:49.023503,257.9966525647871,
USER_00048,DOC_00109,2024-09-02 23:30:49.023743,310.376897260638,3.0
USER_00069,DOC_00313,2025-01-04 23:30:49.023982,69.6866487953493,1.0
USER_00013,DOC_00395,2024-04-10 23:30:49.024233,329.0469261135403,
USER_00024,DOC_00221,2024-06-23 23:30:49.024461,517.0017211315808,5.0
USER_00043,DOC_00208,2025-03-14 23:30:49.024644,53.15408059218752,
USER_00073,DOC_00187,2024-06-27 23:30:49.024866,209.74687618786027,2.0
USER_00058,DOC_00217,2024-05-08 23:30:49.025046,266.0888324021266,
USER_00071,DOC_00356,2024-12-23 23:30:49.025218,323.840456756147,2.0
USER_00039,DOC_00447,2024-07-18 23:30:49.025439,325.86881485665265,3.0
USER_00001,DOC_00235,2025-01-09 23:30:49.025620,166.51820256077093,
USER_00059,DOC_00062,2024-08-18 23:30:49.025818,159.87830050140172,
USER_00021,DOC_00141,2024-09-07 23:30:49.026039,473.54479842791335,4.0
USER_00077,DOC_00214,2024-11-16 23:30:49.026226,485.47578982614397,4.0
USER_00047,DOC_00378,2024-08-10 23:30:49.026391,199.2201773407334,
USER_00064,DOC_00455,2025-01-23 23:30:49.026559,27.54439416381554,1.0
USER_00013,DOC_00257,2025-01-24 23:30:49.026727,595.6326539631796,5.0
USER_00092,DOC_00417,2025-01-26 23:30:49.026893,321.2226072893743,
USER_00049,DOC_00048,2025-01-18 23:30:49.027056,177.26924225985425,
USER_00012,DOC_00069,2024-07-10 23:30:49.027225,577.5002758653192,4.0
USER_00032,DOC_00490,2025-03-22 23:30:49.027399,587.1766234823897,5.0
USER_00073,DOC_00440,2025-02-03 23:30:49.027571,381.9463948449991,3.0
USER_00076,DOC_00444,2025-01-26 23:30:49.027736,549.099221463811,
USER_00050,DOC_00452,2024-04-22 23:30:49.027905,247.41220324051378,2.0
USER_00011,DOC_00247,2025-01-03 23:30:49.028076,13.185139888369672,1.0
USER_00094,DOC_00226,2024-08-22 23:30:49.028241,271.2141973468104,
USER_00076,DOC_00401,2024-05-21 23:30:49.028409,368.54058306358877,3.0
USER_00027,DOC_00214,2024-08-17 23:30:49.028573,136.5932438547814,
USER_00012,DOC_00302,2024-08-09 23:30:49.028741,349.93400459732004,3.0
USER_00053,DOC_00317,2024-05-20 23:30:49.028912,217.8622416834152,1.0
USER_00089,DOC_00159,2024-11-25 23:30:49.029083,94.16606736916563,1.0
USER_00017,DOC_00493,2024-11-27 23:30:49.029260,85.62921507646773,1.0
USER_00043,DOC_00368,2024-11-12 23:30:49.029435,564.9775995198072,4.0
USER_00080,DOC_00336,2025-01-02 23:30:49.029605,591.0997119499738,5.0
USER_00045,DOC_00154,2024-10-19 23:30:49.029770,126.2925629059548,
USER_00065,DOC_00428,2024-10-07 23:30:49.029935,328.96048665159014,
USER_00038,DOC_00085,2025-03-22 23:30:49.030109,301.0160208853316,2.0
USER_00072,DOC_00427,2024-09-10 23:30:49.030278,259.29823433207434,2.0
USER_00030,DOC_00500,2025-01-29 23:30:49.030446,158.08245172648174,2.0
USER_00086,DOC_00338,2025-02-21 23:30:49.030616,506.3904342135684,4.0
USER_00033,DOC_00462,2024-06-10 23:30:49.030784,585.7638090422867,5.0
USER_00048,DOC_00126,2024-06-22 23:30:49.030953,357.67857943908217,3.0
USER_00081,DOC_00123,2024-04-21 23:30:49.031121,20.84478396739281,1.0
USER_00095,DOC_00268,2025-01-24 23:30:49.031288,347.7205583209814,3.0
USER_00036,DOC_00259,2024-12-24 23:30:49.031458,582.6941363983836,5.0
USER_00068,DOC_00311,2025-01-31 23:30:49.031627,219.91794541438588,2.0
USER_00082,DOC_00171,2024-07-01 23:30:49.031794,189.8089385504222,1.0
USER_00064,DOC_00232,2024-11-28 23:30:49.031962,271.8750347729359,2.0
USER_00051,DOC_00181,2024-09-30 23:30:49.032129,226.94801979525047,2.0
USER_00056,DOC_00023,2025-01-24 23:30:49.032296,178.87234127159667,1.0
USER_00001,DOC_00131,2024-12-25 23:30:49.032460,317.069094362236,
USER_00033,DOC_00100,2024-06-27 23:30:49.032635,85.17076230030311,1.0
USER_00091,DOC_00417,2024-04-17 23:30:49.032801,210.3997660840512,
USER_00023,DOC_00452,2025-02-11 23:30:49.032967,393.9884907887036,3.0
USER_00099,DOC_00294,2024-07-20 23:30:49.033131,366.36294866630504,
USER_00060,DOC_00451,2024-06-19 23:30:49.033298,248.7764658542104,2.0
USER_00078,DOC_00369,2024-04-25 23:30:49.033468,549.1505683487171,4.0
USER_00012,DOC_00055,2024-05-03 23:30:49.033638,501.47366696864077,4.0
USER_00070,DOC_00159,2024-08-31 23:30:49.033806,523.7703316794867,4.0
USER_00052,DOC_00138,2024-09-18 23:30:49.033975,92.6976056958109,1.0
USER_00052,DOC_00418,2024-08-11 23:30:49.034144,438.0320400691373,4.0
USER_00098,DOC_00481,2025-01-22 23:30:49.034308,489.75849313465034,
USER_00060,DOC_00327,2024-06-11 23:30:49.034477,74.51998283459253,1.0
USER_00060,DOC_00402,2024-12-01 23:30:49.034647,135.50891001686114,1.0
USER_00092,DOC_00125,2024-11-23 23:30:49.034820,404.5644201253901,4.0
USER_00069,DOC_00294,2024-07-07 23:30:49.034985,338.52283256420145,
USER_00039,DOC_00054,2025-03-08 23:30:49.035153,531.4026994105183,4.0
USER_00021,DOC_00173,2025-01-21 23:30:49.035329,23.315464089402482,1.0
USER_00031,DOC_00500,2024-04-29 23:30:49.035494,334.06841107558114,
USER_00003,DOC_00115,2024-07-25 23:30:49.035662,435.48396824618754,4.0
USER_00078,DOC_00381,2024-11-03 23:30:49.035831,371.4837633580182,3.0
USER_00002,DOC_00199,2024-09-02 23:30:49.035998,170.62192007856635,2.0
USER_00033,DOC_00416,2025-01-11 23:30:49.036210,300.4909807723989,2.0
USER_00042,DOC_00485,2024-07-29 23:30:49.036380,242.27231273446156,2.0
USER_00020,DOC_00490,2025-03-07 23:30:49.036544,451.55974319897234,
USER_00089,DOC_00486,2024-04-20 23:30:49.036714,565.6717350295919,4.0
USER_00026,DOC_00440,2024-11-23 23:30:49.036883,400.56220527587413,3.0
USER_00097,DOC_00411,2024-12-04 23:30:49.037052,309.65947544199474,3.0
USER_00099,DOC_00037,2024-06-29 23:30:49.037218,76.8983863760178,
USER_00011,DOC_00344,2025-03-05 23:30:49.037386,501.02107295798055,4.0
USER_00084,DOC_00184,2024-09-13 23:30:49.037551,97.37947119000519,
USER_00064,DOC_00190,2024-04-22 23:30:49.037716,142.02924789987597,
USER_00059,DOC_00436,2025-03-15 23:30:49.037883,443.2204980131221,4.0
USER_00073,DOC_00283,2024-11-19 23:30:49.038057,325.3871814060631,3.0
USER_00033,DOC_00001,2025-03-19 23:30:49.038222,272.167795697522,
USER_00059,DOC_00080,2024-11-08 23:30:49.038391,537.9095723373721,5.0
USER_00003,DOC_00025,2024-09-27 23:30:49.038561,443.5618070947646,3.0
USER_00095,DOC_00033,2024-08-05 23:30:49.038723,549.5206203975297,
USER_00016,DOC_00336,2024-04-24 23:30:49.038887,529.7200400270947,
USER_00053,DOC_00319,2024-10-25 23:30:49.039052,534.0434239963479,
USER_00016,DOC_00308,2024-04-11 23:30:49.039226,386.74079916712896,4.0
USER_00089,DOC_00269,2024-08-09 23:30:49.039396,518.0097059836219,4.0
USER_00033,DOC_00377,2024-08-26 23:30:49.039592,411.8195659209627,3.0
USER_00050,DOC_00029,2024-08-10 23:30:49.039762,452.8947184261764,4.0
USER_00046,DOC_00067,2024-12-20 23:30:49.039926,504.345229370424,
USER_00061,DOC_00407,2024-04-25 23:30:49.040088,338.6340157247459,
USER_00016,DOC_00041,2024-07-11 23:30:49.040262,268.5961787395679,2.0
USER_00081,DOC_00215,2024-09-27 23:30:49.040435,80.7339385754688,1.0
USER_00086,DOC_00171,2024-06-29 23:30:49.040603,489.26722630133014,
USER_00004,DOC_00373,2025-03-17 23:30:49.040831,404.9373999652228,4.0
USER_00087,DOC_00216,2024-07-05 23:30:49.041106,506.6769649755049,4.0
USER_00089,DOC_00403,2024-08-29 23:30:49.041321,389.2532095956287,4.0
USER_00077,DOC_00077,2024-08-26 23:30:49.041565,113.02044101953454,1.0
USER_00036,DOC_00154,2024-07-10 23:30:49.041770,561.2191769636873,4.0
USER_00087,DOC_00488,2024-08-04 23:30:49.041938,563.1546990703297,5.0
USER_00067,DOC_00349,2024-05-12 23:30:49.042139,304.5533154396171,2.0
USER_00040,DOC_00449,2024-10-28 23:30:49.042336,346.01755442239926,
USER_00003,DOC_00292,2024-12-24 23:30:49.042536,353.6133499610168,3.0
USER_00080,DOC_00164,2025-03-19 23:30:49.042698,166.14320794926928,
USER_00078,DOC_00091,2024-04-19 23:30:49.042867,340.63538275376624,3.0
USER_00047,DOC_00054,2025-01-30 23:30:49.043035,459.59930541304016,4.0
USER_00077,DOC_00206,2024-04-07 23:30:49.043203,267.93150924050457,2.0
USER_00037,DOC_00279,2024-09-16 23:30:49.043369,141.72068663092296,
USER_00077,DOC_00435,2024-06-01 23:30:49.043533,336.89444624152435,
USER_00032,DOC_00022,2025-02-14 23:30:49.043708,344.54934226572425,
USER_00048,DOC_00183,2024-12-07 23:30:49.043869,260.4978382397138,
USER_00060,DOC_00264,2024-11-07 23:30:49.044026,115.9907363598377,
USER_00090,DOC_00386,2025-01-24 23:30:49.044186,61.66899216188055,1.0
USER_00019,DOC_00028,2025-01-27 23:30:49.044348,352.1022005858433,3.0
USER_00090,DOC_00223,2024-06-16 23:30:49.044511,187.72646392840585,2.0
USER_00061,DOC_00066,2024-10-11 23:30:49.044670,553.6374075770333,5.0
USER_00092,DOC_00294,2024-04-13 23:30:49.044825,155.85158350593733,
USER_00061,DOC_00018,2024-06-28 23:30:49.044988,536.1739247299016,5.0
USER_00043,DOC_00188,2024-06-09 23:30:49.045145,521.347895555643,
USER_00022,DOC_00055,2025-02-23 23:30:49.045305,505.8361955787109,4.0
USER_00022,DOC_00321,2024-10-12 23:30:49.045462,186.14327632947672,
USER_00074,DOC_00467,2024-10-02 23:30:49.045660,382.0299482639856,
USER_00013,DOC_00138,2024-05-12 23:30:49.045821,278.74600017933994,3.0
USER_00047,DOC_00040,2024-07-14 23:30:49.045987,183.2431111383258,2.0
USER_00021,DOC_00257,2024-08-02 23:30:49.046147,241.2609667619332,2.0
USER_00003,DOC_00347,2024-05-15 23:30:49.046306,439.0074061603372,4.0
USER_00087,DOC_00254,2024-08-02 23:30:49.046468,168.92222339148728,
USER_00077,DOC_00175,2024-06-11 23:30:49.046628,78.02764330003912,1.0
USER_00018,DOC_00044,2024-05-12 23:30:49.046827,508.197382482414,4.0
USER_00018,DOC_00225,2024-04-05 23:30:49.046990,281.1063372764873,2.0
USER_00039,DOC_00445,2024-08-10 23:30:49.047152,51.5171836645573,1.0
USER_00039,DOC_00071,2025-02-17 23:30:49.047314,439.27180005961696,4.0
USER_00011,DOC_00317,2024-12-30 23:30:49.047474,267.7474215687047,2.0
USER_00095,DOC_00388,2024-08-07 23:30:49.047634,31.1020833788118,1.0
USER_00086,DOC_00062,2024-06-06 23:30:49.047795,504.7440321446279,4.0
USER_00013,DOC_00163,2024-07-11 23:30:49.047957,87.72884178285885,1.0
USER_00051,DOC_00438,2024-05-30 23:30:49.048116,301.46688565359034,2.0
USER_00007,DOC_00271,2024-08-02 23:30:49.048279,503.5659107900721,4.0
USER_00055,DOC_00333,2024-08-13 23:30:49.048434,400.2542118017297,
USER_00080,DOC_00234,2024-06-09 23:30:49.048595,15.42852959897388,1.0
USER_00074,DOC_00370,2024-07-03 23:30:49.048756,214.0388564826604,1.0
USER_00064,DOC_00491,2024-12-04 23:30:49.048917,452.0031156741537,4.0
USER_00093,DOC_00370,2024-10-09 23:30:49.049082,267.0832705375515,2.0
USER_00026,DOC_00395,2024-08-31 23:30:49.049248,65.35490471331146,1.0
USER_00035,DOC_00400,2024-12-13 23:30:49.049404,236.43684098503994,
USER_00062,DOC_00368,2024-10-02 23:30:49.049563,497.06318577458217,4.0
USER_00035,DOC_00284,2025-03-03 23:30:49.049721,538.9375080658069,
USER_00052,DOC_00163,2024-04-25 23:30:49.049881,350.4420369974294,3.0
USER_00044,DOC_00193,2024-08-21 23:30:49.050042,595.3343903470038,5.0
USER_00092,DOC_00303,2025-03-09 23:30:49.050201,485.34847363519543,4.0
USER_00001,DOC_00135,2024-04-15 23:30:49.050361,11.38500958179736,1.0
USER_00045,DOC_00235,2024-04-07 23:30:49.050520,389.7099714164939,3.0
USER_00032,DOC_00374,2025-02-16 23:30:49.050676,56.95700694950504,
USER_00067,DOC_00129,2024-11-02 23:30:49.050837,72.42221206024254,1.0
USER_00100,DOC_00197,2025-01-04 23:30:49.050993,201.23975256134983,
USER_00006,DOC_00161,2024-08-29 23:30:49.051159,81.91463512741178,1.0
USER_00080,DOC_00280,2024-07-31 23:30:49.051321,224.47352984786735,2.0
USER_00045,DOC_00158,2024-10-18 23:30:49.051476,595.2167858185887,
USER_00002,DOC_00164,2025-02-14 23:30:49.051642,111.12500427160394,1.0
USER_00003,DOC_00358,2024-10-04 23:30:49.051801,322.5873436713319,3.0
USER_00062,DOC_00199,2024-11-16 23:30:49.051962,356.0111123011306,3.0
USER_00093,DOC_00300,2024-08-25 23:30:49.052123,28.272656019280973,1.0
USER_00026,DOC_00293,2024-07-16 23:30:49.052283,589.7649227812058,5.0
USER_00043,DOC_00263,2024-05-31 23:30:49.052440,100.71209414072167,
USER_00077,DOC_00463,2025-03-16 23:30:49.052601,484.7883304074443,4.0
USER_00032,DOC_00468,2025-01-22 23:30:49.052762,294.8579550637385,3.0
USER_00054,DOC_00264,2024-09-01 23:30:49.052922,504.7868597568535,4.0
USER_00011,DOC_00002,2024-04-22 23:30:49.053077,340.31467422034154,
USER_00051,DOC_00196,2024-10-22 23:30:49.053234,182.51070407016684,
USER_00030,DOC_00466,2024-07-18 23:30:49.053393,415.49697260374535,4.0
USER_00023,DOC_00440,2025-03-22 23:30:49.053552,46.8440434065294,
USER_00088,DOC_00287,2024-07-07 23:30:49.053708,33.42961246762586,
USER_00013,DOC_00228,2025-02-21 23:30:49.053884,140.53031368594336,1.0
USER_00010,DOC_00492,2024-10-27 23:30:49.054056,537.5139078621288,5.0
USER_00074,DOC_00029,2024-10-13 23:30:49.054252,278.10916830412924,
USER_00084,DOC_00061,2024-03-25 23:30:49.054412,468.16890835327985,
USER_00082,DOC_00243,2025-01-01 23:30:49.054575,154.92262868880056,2.0
USER_00088,DOC_00367,2024-09-13 23:30:49.054739,489.01488970530687,4.0
USER_00026,DOC_00271,2024-08-07 23:30:49.054910,70.33592578829847,
USER_00047,DOC_00095,2024-07-18 23:30:49.055067,28.393196376033522,
USER_00083,DOC_00025,2024-05-09 23:30:49.055225,426.4706423622157,
USER_00077,DOC_00092,2024-12-28 23:30:49.055386,244.6046415823243,2.0
USER_00092,DOC_00295,2024-07-16 23:30:49.055547,382.74715775512567,4.0
USER_00021,DOC_00485,2025-03-08 23:30:49.055708,100.34953235659829,1.0
USER_00017,DOC_00340,2024-06-15 23:30:49.055889,346.69210159866554,3.0
USER_00066,DOC_00125,2024-04-23 23:30:49.056066,205.41289837382774,2.0
USER_00010,DOC_00271,2025-03-07 23:30:49.056230,559.3053358552899,
USER_00060,DOC_00265,2024-06-05 23:30:49.056399,445.8928161282319,
USER_00048,DOC_00307,2025-01-09 23:30:49.056563,570.857759232125,
USER_00080,DOC_00068,2024-08-15 23:30:49.056818,151.42835616304237,1.0
USER_00006,DOC_00410,2024-05-20 23:30:49.057012,324.0595746704181,
USER_00074,DOC_00125,2024-07-17 23:30:49.057246,451.45789273117043,4.0
USER_00076,DOC_00398,2024-10-19 23:30:49.057406,237.83199197035447,
USER_00071,DOC_00394,2024-07-22 23:30:49.057570,127.14028673223898,1.0
USER_00050,DOC_00014,2025-02-10 23:30:49.057744,84.0106528258068,
USER_00081,DOC_00110,2024-05-18 23:30:49.057904,250.86013641431623,2.0
USER_00025,DOC_00112,2024-12-09 23:30:49.058065,181.09256166004369,1.0
USER_00068,DOC_00281,2025-01-22 23:30:49.058226,209.50259320544697,2.0
USER_00100,DOC_00307,2024-09-08 23:30:49.058389,316.90793208211227,3.0
USER_00052,DOC_00342,2024-10-25 23:30:49.058551,47.48607623011196,1.0
USER_00027,DOC_00138,2024-07-01 23:30:49.058728,526.4690453630676,4.0
USER_00006,DOC_00318,2024-09-18 23:30:49.058893,571.0553976008422,5.0
USER_00063,DOC_00367,2024-03-29 23:30:49.059058,158.82917197455052,2.0
USER_00048,DOC_00288,2025-01-13 23:30:49.059229,479.0929998968868,4.0
USER_00043,DOC_00366,2024-08-10 23:30:49.059389,472.1411545389312,
USER_00089,DOC_00095,2024-08-14 23:30:49.059553,435.96640746113314,
USER_00054,DOC_00183,2024-05-07 23:30:49.059731,485.3658275639101,5.0
USER_00068,DOC_00028,2024-11-10 23:30:49.059893,483.51084140946045,4.0
USER_00001,DOC_00008,2024-09-30 23:30:49.060054,126.83825851234526,1.0
USER_00055,DOC_00192,2024-05-16 23:30:49.060215,100.23648002050143,1.0
USER_00012,DOC_00417,2025-03-14 23:30:49.060375,318.88954037567817,2.0
USER_00031,DOC_00316,2024-08-18 23:30:49.060535,89.75800196114373,1.0
USER_00080,DOC_00200,2024-06-30 23:30:49.060697,409.6093359859032,3.0
USER_00096,DOC_00390,2024-10-10 23:30:49.060869,11.676870661743743,
USER_00013,DOC_00202,2024-05-09 23:30:49.061031,401.8037315079021,3.0
USER_00089,DOC_00034,2024-07-04 23:30:49.061191,526.2142493055761,
USER_00056,DOC_00080,2024-08-24 23:30:49.061354,19.344461857475785,1.0
USER_00026,DOC_00112,2024-05-30 23:30:49.061514,416.3005808359901,
USER_00061,DOC_00058,2024-06-26 23:30:49.061678,484.5397806437549,4.0
USER_00065,DOC_00474,2024-12-28 23:30:49.061867,335.27726049106036,2.0
USER_00006,DOC_00180,2024-12-21 23:30:49.062039,129.76619992280635,1.0
USER_00096,DOC_00288,2024-12-28 23:30:49.062229,159.41916200977258,
USER_00018,DOC_00227,2024-05-10 23:30:49.062398,429.0022272881948,3.0
USER_00054,DOC_00399,2024-06-06 23:30:49.062566,404.9531179096496,3.0
USER_00052,DOC_00471,2024-06-23 23:30:49.062744,553.660064367753,
USER_00036,DOC_00417,2024-11-09 23:30:49.062944,597.6923490860622,5.0
USER_00057,DOC_00008,2025-01-25 23:30:49.063109,478.18706731501027,4.0
USER_00012,DOC_00176,2024-04-01 23:30:49.063273,30.496568992421075,1.0
USER_00048,DOC_00233,2025-02-23 23:30:49.063440,420.65853012357707,3.0
USER_00074,DOC_00093,2024-08-25 23:30:49.063601,317.18665870312583,
USER_00056,DOC_00095,2024-07-02 23:30:49.063765,93.25469251626308,1.0
USER_00007,DOC_00144,2024-11-05 23:30:49.063927,436.52909662077616,
USER_00076,DOC_00061,2025-03-04 23:30:49.064092,20.595139612589065,1.0
USER_00050,DOC_00164,2024-11-04 23:30:49.064256,51.84055294875602,1.0
USER_00099,DOC_00381,2024-03-30 23:30:49.064421,390.2096700815918,4.0
USER_00009,DOC_00190,2024-05-28 23:30:49.064585,428.1192647796491,3.0
USER_00022,DOC_00294,2024-11-29 23:30:49.064744,595.9609211181947,
USER_00067,DOC_00343,2024-10-29 23:30:49.064912,291.28478654991363,2.0
USER_00067,DOC_00122,2025-01-25 23:30:49.065075,558.6165152953309,4.0
USER_00063,DOC_00347,2025-03-15 23:30:49.065239,72.18419154919262,1.0
USER_00037,DOC_00094,2024-04-02 23:30:49.065404,134.44712830284203,1.0
USER_00040,DOC_00359,2024-07-22 23:30:49.065572,75.48694021386828,1.0
USER_00042,DOC_00178,2025-03-07 23:30:49.065736,245.0562752995604,2.0
USER_00085,DOC_00057,2024-07-20 23:30:49.065900,349.71327442475285,3.0
USER_00090,DOC_00373,2025-01-11 23:30:49.066063,529.0881570746143,5.0
USER_00071,DOC_00418,2024-10-04 23:30:49.066225,391.50646885795766,
USER_00073,DOC_00074,2024-08-01 23:30:49.066388,333.5565526777279,3.0
USER_00041,DOC_00181,2025-02-28 23:30:49.066553,287.5792586095225,3.0
USER_00089,DOC_00400,2024-04-10 23:30:49.066720,147.70379898029492,1.0
USER_00038,DOC_00425,2025-01-18 23:30:49.066886,476.02012641096786,4.0
USER_00093,DOC_00308,2024-07-25 23:30:49.067056,416.65397177759365,4.0
USER_00030,DOC_00098,2025-01-11 23:30:49.067222,110.74856723572752,1.0
USER_00018,DOC_00077,2024-08-14 23:30:49.067388,110.69968682831787,1.0
USER_00031,DOC_00092,2025-01-06 23:30:49.067553,405.78774165780186,
USER_00025,DOC_00364,2025-03-05 23:30:49.067732,63.21546311814418,1.0
USER_00083,DOC_00228,2024-10-07 23:30:49.067899,113.60408242802527,1.0
USER_00093,DOC_00408,2025-02-07 23:30:49.068066,486.2544878909963,4.0
USER_00090,DOC_00014,2025-01-30 23:30:49.068233,278.14481244366044,2.0
USER_00018,DOC_00471,2024-05-28 23:30:49.068402,10.93494023514066,1.0
USER_00047,DOC_00035,2024-07-15 23:30:49.068572,276.78793422246366,2.0
USER_00008,DOC_00256,2024-08-12 23:30:49.068738,107.93246074628705,
USER_00069,DOC_00468,2024-11-21 23:30:49.068904,159.64905986141156,1.0
USER_00058,DOC_00484,2024-08-28 23:30:49.069073,168.3204768520479,1.0
USER_00001,DOC_00205,2025-02-20 23:30:49.069246,127.45856456849506,1.0
USER_00088,DOC_00028,2024-08-24 23:30:49.069414,155.5809781937547,1.0
USER_00079,DOC_00318,2024-08-02 23:30:49.069584,450.91633708800293,4.0
USER_00061,DOC_00044,2024-11-02 23:30:49.069751,416.5743580772262,4.0
USER_00065,DOC_00080,2024-09-28 23:30:49.069915,174.29452164005414,
USER_00055,DOC_00141,2024-12-26 23:30:49.070084,567.5410234779474,5.0
USER_00097,DOC_00144,2024-08-13 23:30:49.070253,204.6851882212631,
USER_00040,DOC_00497,2024-05-19 23:30:49.070420,324.28455162115125,3.0
USER_00027,DOC_00175,2025-03-06 23:30:49.070590,184.00937012427994,1.0
USER_00016,DOC_00012,2024-12-21 23:30:49.070755,40.919355012107296,
USER_00094,DOC_00218,2024-05-25 23:30:49.070917,318.3179639544676,
USER_00029,DOC_00470,2024-10-11 23:30:49.071084,299.10250795096266,2.0
USER_00013,DOC_00347,2025-01-07 23:30:49.071252,461.8003594180486,4.0
USER_00036,DOC_00372,2024-07-22 23:30:49.071415,481.5504755800403,
USER_00093,DOC_00382,2025-01-15 23:30:49.071578,119.6409127835521,
USER_00088,DOC_00277,2024-05-21 23:30:49.071759,92.18504675018949,1.0
USER_00079,DOC_00095,2024-08-15 23:30:49.071920,175.5749921271443,
USER_00059,DOC_00262,2024-11-19 23:30:49.072084,10.242070769113173,1.0
USER_00081,DOC_00341,2025-02-13 23:30:49.072249,531.604424823009,5.0
USER_00069,DOC_00236,2024-04-20 23:30:49.072413,158.7994172740052,
USER_00099,DOC_00404,2024-11-25 23:30:49.072577,220.3212358001946,2.0
USER_00085,DOC_00037,2025-03-20 23:30:49.072741,261.579573330264,2.0
USER_00021,DOC_00415,2024-11-01 23:30:49.072906,376.92950855748813,
USER_00035,DOC_00433,2024-12-22 23:30:49.073070,249.89745329719642,2.0
USER_00061,DOC_00398,2024-09-08 23:30:49.073274,533.6622123715529,5.0
USER_00030,DOC_00088,2025-01-31 23:30:49.073438,398.90177131407927,3.0
USER_00015,DOC_00430,2024-04-09 23:30:49.073603,508.968063212869,5.0
USER_00049,DOC_00277,2025-03-09 23:30:49.073779,108.56284498658356,
USER_00063,DOC_00196,2024-05-19 23:30:49.073943,465.49875372368933,
USER_00052,DOC_00319,2025-02-09 23:30:49.074112,579.5923126274809,5.0
USER_00007,DOC_00373,2024-07-12 23:30:49.074274,552.232583446916,
USER_00092,DOC_00336,2024-09-10 23:30:49.074490,271.9530464617979,2.0
USER_00021,DOC_00198,2024-08-24 23:30:49.074673,409.7905974387605,3.0
USER_00028,DOC_00026,2025-02-03 23:30:49.074869,103.59594012326323,1.0
USER_00017,DOC_00063,2024-12-09 23:30:49.075045,91.35801602460018,
USER_00069,DOC_00015,2024-07-08 23:30:49.075204,405.7408482783463,
USER_00004,DOC_00344,2024-07-16 23:30:49.075412,545.2734686934764,
USER_00075,DOC_00165,2024-06-15 23:30:49.075601,49.11121059346464,1.0
USER_00053,DOC_00415,2024-04-30 23:30:49.075777,454.1573067614959,
USER_00089,DOC_00320,2024-04-28 23:30:49.075962,382.07535241249377,3.0
USER_00020,DOC_00105,2024-11-15 23:30:49.076136,256.6976438782374,
USER_00002,DOC_00314,2025-02-25 23:30:49.076322,542.6972217671675,5.0
USER_00029,DOC_00271,2024-08-16 23:30:49.076498,389.975597896047,4.0
USER_00057,DOC_00259,2024-12-25 23:30:49.076681,510.5664585940015,4.0
USER_00060,DOC_00410,2024-06-19 23:30:49.076858,177.2420780658067,2.0
USER_00093,DOC_00417,2024-06-06 23:30:49.077037,330.1032387573811,
USER_00067,DOC_00339,2024-07-16 23:30:49.077213,279.644131793649,2.0
USER_00024,DOC_00333,2024-12-16 23:30:49.077397,256.6971029528494,2.0
USER_00037,DOC_00304,2024-11-04 23:30:49.077571,63.77103006292727,
USER_00021,DOC_00395,2025-02-08 23:30:49.077748,463.100387107785,
USER_00078,DOC_00226,2024-10-31 23:30:49.077926,229.1633702073382,2.0
USER_00010,DOC_00109,2024-06-22 23:30:49.078112,296.2278255514575,
USER_00059,DOC_00437,2024-10-09 23:30:49.078291,303.806018526562,3.0
USER_00029,DOC_00271,2025-02-26 23:30:49.078482,395.7210568250093,3.0
USER_00010,DOC_00175,2025-02-21 23:30:49.078663,303.61323715807873,2.0
USER_00074,DOC_00019,2025-03-04 23:30:49.078845,428.8605133262053,3.0
USER_00013,DOC_00333,2024-05-22 23:30:49.079010,592.4565283503733,
USER_00028,DOC_00467,2024-06-07 23:30:49.079183,196.23563991957118,1.0
USER_00097,DOC_00300,2024-11-14 23:30:49.079349,24.443356829787973,
USER_00028,DOC_00074,2024-09-05 23:30:49.079518,13.495198617861398,1.0
USER_00084,DOC_00332,2024-07-01 23:30:49.079682,348.30695927964524,
USER_00086,DOC_00102,2024-12-23 23:30:49.079861,149.980074557711,1.0
USER_00064,DOC_00335,2024-03-25 23:30:49.080026,407.6944871246805,4.0
USER_00060,DOC_00482,2025-02-19 23:30:49.080189,401.8341861771767,4.0
USER_00044,DOC_00476,2024-06-10 23:30:49.080351,531.1763236030414,4.0
USER_00097,DOC_00286,2024-11-23 23:30:49.080510,520.7790698930082,
USER_00049,DOC_00244,2024-12-23 23:30:49.080672,136.10675461606195,1.0
USER_00072,DOC_00074,2025-01-12 23:30:49.080839,158.7212332416012,1.0
USER_00078,DOC_00284,2024-12-03 23:30:49.081036,274.3173182546322,2.0
USER_00092,DOC_00291,2024-11-29 23:30:49.081225,257.0678043847664,2.0
USER_00076,DOC_00320,2024-05-03 23:30:49.081384,374.3030212688006,
USER_00067,DOC_00249,2024-04-24 23:30:49.081548,69.60666542984254,1.0
USER_00028,DOC_00475,2024-09-14 23:30:49.081714,223.14716915953386,2.0
USER_00025,DOC_00470,2024-04-10 23:30:49.081895,300.206816081886,3.0
USER_00031,DOC_00377,2024-10-10 23:30:49.082063,156.86810275161028,1.0
USER_00077,DOC_00085,2025-01-24 23:30:49.082231,245.14994224503528,2.0
USER_00054,DOC_00342,2024-05-19 23:30:49.082396,252.73244973867466,
USER_00016,DOC_00346,2024-03-27 23:30:49.082565,75.52734893617627,1.0
USER_00094,DOC_00052,2024-05-25 23:30:49.082733,198.51765656641072,2.0
USER_00008,DOC_00279,2024-05-19 23:30:49.082896,302.5334888626381,
USER_00099,DOC_00352,2024-10-15 23:30:49.083060,211.50038449860466,
USER_00096,DOC_00256,2024-12-03 23:30:49.083231,267.9961724643244,2.0
USER_00082,DOC_00001,2024-08-04 23:30:49.083396,103.1201284468626,
USER_00006,DOC_00364,2025-03-04 23:30:49.083569,96.67625632352691,1.0
USER_00014,DOC_00133,2024-09-06 23:30:49.083741,317.9416287981004,3.0
USER_00080,DOC_00071,2024-05-28 23:30:49.083917,508.98947821220025,4.0
USER_00020,DOC_00367,2025-02-28 23:30:49.084086,220.77276122038035,2.0
USER_00086,DOC_00070,2024-04-28 23:30:49.084257,85.03764764318143,1.0
USER_00080,DOC_00203,2024-05-19 23:30:49.084426,237.39844884062836,2.0
USER_00051,DOC_00332,2024-12-11 23:30:49.084593,396.69526111368447,4.0
USER_00064,DOC_00333,2024-05-23 23:30:49.084759,354.6926254107137,
USER_00041,DOC_00116,2024-09-11 23:30:49.084926,186.3791595670704,1.0
USER_00100,DOC_00402,2025-02-20 23:30:49.085095,119.39297251803278,1.0
USER_00021,DOC_00266,2024-07-02 23:30:49.085265,552.867149860351,4.0
USER_00088,DOC_00428,2025-03-05 23:30:49.085430,270.0514961284677,
USER_00063,DOC_00220,2024-06-15 23:30:49.085598,71.80989650634965,1.0
USER_00046,DOC_00374,2024-12-29 23:30:49.085762,496.2661997789615,
USER_00063,DOC_00328,2024-04-25 23:30:49.085929,343.67891510356833,3.0
USER_00076,DOC_00175,2024-07-17 23:30:49.086091,68.07647833654394,
USER_00059,DOC_00203,2024-11-03 23:30:49.086259,65.98169578706904,1.0
USER_00078,DOC_00113,2024-12-17 23:30:49.086425,560.6027861782857,
USER_00062,DOC_00335,2024-12-06 23:30:49.086598,488.1554190081706,4.0
USER_00089,DOC_00399,2024-12-19 23:30:49.086767,245.60242637099108,2.0
USER_00056,DOC_00032,2024-09-05 23:30:49.086971,185.9349779466033,2.0
USER_00078,DOC_00161,2024-11-03 23:30:49.087134,54.30525102513524,
USER_00004,DOC_00084,2024-06-12 23:30:49.087299,224.49931165549566,2.0
USER_00008,DOC_00140,2024-07-09 23:30:49.087465,336.69965652503316,
USER_00055,DOC_00360,2024-11-16 23:30:49.087627,26.431368773825895,
USER_00095,DOC_00337,2024-07-26 23:30:49.087791,313.3076104153712,
USER_00013,DOC_00147,2024-05-13 23:30:49.087955,75.18534050115828,
USER_00037,DOC_00025,2024-12-27 23:30:49.088123,498.5455386068088,4.0
USER_00014,DOC_00134,2024-11-03 23:30:49.088290,509.96961960824956,4.0
USER_00100,DOC_00103,2024-07-13 23:30:49.088457,111.08148122808122,1.0
USER_00052,DOC_00040,2024-07-31 23:30:49.088624,47.106647246967235,1.0
USER_00079,DOC_00228,2025-03-02 23:30:49.088786,240.13897879110067,
USER_00087,DOC_00040,2025-03-11 23:30:49.088965,167.03344777019413,2.0
USER_00028,DOC_00084,2024-04-04 23:30:49.089280,174.04876151667017,1.0
USER_00007,DOC_00166,2024-11-11 23:30:49.089491,210.13002445043162,2.0
USER_00064,DOC_00178,2025-03-09 23:30:49.089662,211.1209791404907,
USER_00095,DOC_00379,2024-11-19 23:30:49.089840,275.81655804957484,2.0
USER_00085,DOC_00137,2025-01-15 23:30:49.090000,444.40514028221867,3.0
USER_00093,DOC_00271,2024-12-14 23:30:49.090158,172.2377232644477,1.0
USER_00086,DOC_00077,2024-08-19 23:30:49.090316,389.82465877973436,4.0
USER_00080,DOC_00074,2025-01-05 23:30:49.090473,336.5223434643701,3.0
USER_00051,DOC_00172,2024-09-26 23:30:49.090629,416.05763362803316,3.0
USER_00064,DOC_00132,2024-04-17 23:30:49.090825,291.17508671221094,2.0
USER_00017,DOC_00168,2025-01-04 23:30:49.091035,73.67548742934639,
USER_00076,DOC_00061,2025-01-13 23:30:49.091256,416.9239689951277,
USER_00017,DOC_00496,2024-08-21 23:30:49.091412,187.68382167341275,2.0
USER_00033,DOC_00102,2024-06-28 23:30:49.091568,557.2270952649795,5.0
USER_00027,DOC_00454,2024-12-04 23:30:49.091720,71.22707809449702,
USER_00099,DOC_00407,2024-12-27 23:30:49.091872,413.4970793188294,
USER_00068,DOC_00084,2024-08-10 23:30:49.092024,69.7464567825717,
USER_00068,DOC_00248,2024-07-14 23:30:49.092180,77.57439231254546,
USER_00071,DOC_00178,2024-05-11 23:30:49.092337,176.09067625570157,2.0
USER_00020,DOC_00106,2025-03-14 23:30:49.092492,434.5394638266066,4.0
USER_00065,DOC_00224,2024-10-03 23:30:49.092647,91.57655288735393,1.0
USER_00009,DOC_00451,2025-02-26 23:30:49.092803,298.99855572256627,2.0
USER_00034,DOC_00264,2024-10-07 23:30:49.092960,493.2733224448358,4.0
USER_00015,DOC_00081,2025-01-21 23:30:49.093114,221.0931062466421,
USER_00046,DOC_00087,2024-09-13 23:30:49.093266,352.81742985750986,
USER_00063,DOC_00476,2024-11-03 23:30:49.093422,444.82782391894324,4.0
USER_00047,DOC_00265,2024-04-16 23:30:49.093580,516.0196342549314,4.0
USER_00064,DOC_00152,2024-10-24 23:30:49.093745,447.06012162479675,
USER_00079,DOC_00255,2024-03-31 23:30:49.093890,560.7301942308064,
USER_00096,DOC_00429,2024-05-14 23:30:49.094037,205.1678649423168,
USER_00005,DOC_00377,2024-04-06 23:30:49.094187,245.4338667084994,
USER_00021,DOC_00152,2024-10-23 23:30:49.094337,265.45409940542675,2.0
USER_00085,DOC_00473,2024-10-25 23:30:49.094481,276.1426796054306,
USER_00068,DOC_00162,2024-12-15 23:30:49.094632,350.07927535764367,
USER_00039,DOC_00298,2025-01-18 23:30:49.094780,121.13725691957116,1.0
USER_00070,DOC_00069,2024-06-29 23:30:49.094963,300.91525877466864,3.0
USER_00047,DOC_00451,2024-05-28 23:30:49.095114,34.674758034014566,1.0
USER_00019,DOC_00443,2024-07-09 23:30:49.095260,563.2810899977522,
USER_00094,DOC_00478,2024-10-09 23:30:49.095405,397.8921530347042,
USER_00077,DOC_00267,2024-08-27 23:30:49.095555,255.31377662081798,2.0
USER_00017,DOC_00068,2024-10-01 23:30:49.095703,450.2172771607989,4.0
USER_00028,DOC_00097,2025-02-25 23:30:49.095850,479.58875402789226,4.0
USER_00018,DOC_00360,2025-03-03 23:30:49.096000,248.89738041920796,3.0
USER_00024,DOC_00102,2024-11-19 23:30:49.096145,252.5178441980743,2.0
USER_00002,DOC_00322,2024-06-21 23:30:49.096293,472.85830535476816,4.0
USER_00097,DOC_00068,2024-07-06 23:30:49.096443,109.77130124818437,1.0
USER_00089,DOC_00305,2024-06-22 23:30:49.096592,151.6410953332354,1.0
USER_00078,DOC_00040,2024-12-07 23:30:49.096742,139.19237499242277,1.0
USER_00072,DOC_00065,2025-02-28 23:30:49.096895,87.91941835373407,1.0
USER_00028,DOC_00062,2024-08-18 23:30:49.097043,54.898993498656836,1.0
USER_00015,DOC_00307,2025-01-10 23:30:49.097190,561.4446520972601,4.0
USER_00031,DOC_00361,2024-05-10 23:30:49.097341,77.22770897228068,1.0
USER_00013,DOC_00069,2025-02-05 23:30:49.097487,193.38975960622184,
USER_00004,DOC_00228,2024-11-18 23:30:49.097632,337.21216247213397,
USER_00006,DOC_00155,2024-10-01 23:30:49.097781,498.78227774708745,4.0
USER_00097,DOC_00074,2024-12-02 23:30:49.097948,567.9215098719083,5.0
USER_00078,DOC_00131,2024-12-28 23:30:49.098111,248.5750136888771,2.0
USER_00019,DOC_00227,2024-04-03 23:30:49.098254,353.98100199204043,
USER_00051,DOC_00288,2024-05-02 23:30:49.098402,361.9444404121922,3.0
USER_00040,DOC_00438,2025-02-19 23:30:49.098553,85.22483873647158,1.0
USER_00077,DOC_00312,2025-03-13 23:30:49.098702,495.41452676562454,4.0
USER_00070,DOC_00256,2024-03-27 23:30:49.098847,236.52984761515384,
USER_00003,DOC_00003,2024-12-07 23:30:49.099002,456.9028887710063,3.0
USER_00040,DOC_00134,2024-07-31 23:30:49.099150,378.8361941226789,3.0
USER_00013,DOC_00342,2024-10-29 23:30:49.099303,422.19499776485407,
USER_00031,DOC_00444,2024-04-11 23:30:49.099453,121.4329358611737,1.0
USER_00060,DOC_00124,2025-02-22 23:30:49.099599,433.0154113965935,
USER_00090,DOC_00212,2024-03-29 23:30:49.099743,220.59300578939965,
USER_00087,DOC_00221,2024-11-16 23:30:49.099893,309.0887684855447,3.0
USER_00083,DOC_00011,2025-03-10 23:30:49.100038,344.2727619057829,
USER_00050,DOC_00410,2025-03-08 23:30:49.100181,409.7053936713325,
USER_00055,DOC_00334,2024-07-19 23:30:49.100329,434.4874364748949,3.0
USER_00017,DOC_00111,2025-02-14 23:30:49.100475,598.0368390461473,
USER_00062,DOC_00121,2025-03-20 23:30:49.100618,561.5313921073647,
USER_00044,DOC_00056,2024-10-01 23:30:49.100766,248.4248101683447,2.0
USER_00082,DOC_00417,2025-01-14 23:30:49.100910,343.39353697326214,
USER_00070,DOC_00230,2024-10-16 23:30:49.101057,329.2853198693885,2.0
USER_00021,DOC_00027,2024-06-15 23:30:49.101207,210.98649559950655,1.0
USER_00066,DOC_00396,2024-06-04 23:30:49.101356,529.5943929045876,4.0
USER_00038,DOC_00096,2024-09-24 23:30:49.101506,427.9111889560025,4.0
USER_00056,DOC_00319,2024-10-29 23:30:49.101659,228.23428913239366,2.0
USER_00091,DOC_00342,2024-08-17 23:30:49.101804,304.3349644807898,
USER_00081,DOC_00464,2024-08-29 23:30:49.101952,455.4902404376588,4.0
USER_00047,DOC_00112,2024-08-07 23:30:49.102100,544.7709745936739,4.0
USER_00005,DOC_00221,2025-01-13 23:30:49.102246,383.27945055640237,
USER_00043,DOC_00132,2024-11-07 23:30:49.102392,419.38960633791015,
USER_00003,DOC_00218,2025-01-26 23:30:49.102539,158.18345680138856,2.0
USER_00053,DOC_00246,2025-01-28 23:30:49.102689,515.2082255475898,4.0
USER_00001,DOC_00346,2024-09-18 23:30:49.102836,56.16283816221341,
USER_00022,DOC_00264,2025-02-27 23:30:49.102984,443.6636869251206,3.0
USER_00038,DOC_00341,2025-01-17 23:30:49.103132,124.45643417180436,1.0
USER_00014,DOC_00053,2024-10-07 23:30:49.103278,476.89810695487733,4.0
USER_00042,DOC_00367,2024-06-15 23:30:49.103422,57.115290503531334,
USER_00012,DOC_00043,2024-07-30 23:30:49.103567,395.81950241010094,
USER_00100,DOC_00319,2024-05-07 23:30:49.103722,17.004094534921983,1.0
USER_00071,DOC_00474,2024-04-22 23:30:49.103869,37.753041514701266,
USER_00067,DOC_00493,2024-12-13 23:30:49.104022,282.6628792292414,3.0
USER_00095,DOC_00087,2024-11-18 23:30:49.104172,65.60180678157599,1.0
USER_00027,DOC_00438,2024-07-08 23:30:49.104319,281.7339444617309,2.0
USER_00091,DOC_00259,2024-04-08 23:30:49.104469,340.3369299062102,3.0
USER_00021,DOC_00356,2025-03-04 23:30:49.104618,127.30883286902318,1.0
USER_00049,DOC_00490,2024-06-28 23:30:49.104761,190.14228042962714,
USER_00003,DOC_00258,2024-11-11 23:30:49.104909,165.99853577849078,1.0
USER_00056,DOC_00455,2025-02-27 23:30:49.105058,373.4944694784961,4.0
USER_00085,DOC_00316,2024-05-14 23:30:49.105201,178.38912127867653,
USER_00020,DOC_00418,2025-01-26 23:30:49.105347,171.2640372328755,
USER_00057,DOC_00459,2024-04-18 23:30:49.105493,599.7028467470458,5.0
USER_00048,DOC_00252,2025-03-18 23:30:49.105638,10.534442795193232,
USER_00034,DOC_00191,2024-05-25 23:30:49.105784,150.13451115049548,1.0
USER_00044,DOC_00105,2024-06-05 23:30:49.105933,341.95323156175914,3.0
USER_00008,DOC_00168,2024-07-14 23:30:49.106079,176.98000987142404,1.0
USER_00060,DOC_00266,2025-01-02 23:30:49.106222,234.31504880535473,
USER_00033,DOC_00031,2024-11-12 23:30:49.106373,54.75241879658941,1.0
USER_00068,DOC_00346,2024-11-29 23:30:49.106517,489.77746689783214,
USER_00045,DOC_00004,2025-03-08 23:30:49.106659,176.61429496243795,
USER_00022,DOC_00485,2024-08-06 23:30:49.106801,417.03864195488285,
USER_00080,DOC_00389,2024-07-02 23:30:49.106944,587.5250489551585,
USER_00082,DOC_00301,2024-04-29 23:30:49.107093,416.3728344158994,3.0
USER_00077,DOC_00304,2024-09-06 23:30:49.107239,540.5576811191232,4.0
USER_00016,DOC_00309,2025-01-14 23:30:49.107385,224.3614405857159,1.0
USER_00045,DOC_00006,2024-03-31 23:30:49.107532,500.87413133510495,4.0
USER_00002,DOC_00107,2025-01-01 23:30:49.107821,574.0516291870745,5.0
USER_00054,DOC_00240,2025-03-17 23:30:49.108039,588.444472537356,5.0
USER_00078,DOC_00434,2024-10-04 23:30:49.108187,33.25162582133006,1.0
USER_00077,DOC_00048,2024-12-30 23:30:49.108335,54.76426832218805,1.0
USER_00010,DOC_00029,2024-06-28 23:30:49.108488,434.99052072235037,4.0
USER_00044,DOC_00047,2024-04-10 23:30:49.108834,564.074132003042,4.0
USER_00077,DOC_00204,2024-06-07 23:30:49.109290,587.5684917400243,5.0
USER_00087,DOC_00058,2024-06-08 23:30:49.109822,560.7138590652374,5.0
USER_00075,DOC_00329,2024-08-15 23:30:49.110362,405.71481374607737,3.0
USER_00083,DOC_00164,2024-08-26 23:30:49.110728,214.11021553928973,2.0
USER_00060,DOC_00191,2024-04-26 23:30:49.111019,242.45262955070254,2.0
USER_00040,DOC_00019,2024-10-29 23:30:49.111177,78.24838195238877,
USER_00050,DOC_00286,2024-12-20 23:30:49.111332,560.2004443907281,5.0
USER_00005,DOC_00434,2025-03-16 23:30:49.111483,356.22406259340255,
USER_00031,DOC_00268,2024-06-08 23:30:49.111637,325.07636092698345,3.0
USER_00026,DOC_00474,2025-03-13 23:30:49.111789,507.52460526484094,4.0
USER_00055,DOC_00258,2024-03-27 23:30:49.111938,131.80268712555824,1.0
USER_00018,DOC_00431,2024-12-29 23:30:49.112090,448.2646859350708,3.0
USER_00080,DOC_00134,2024-05-14 23:30:49.112240,208.95974684703333,1.0
USER_00060,DOC_00088,2024-12-05 23:30:49.112389,311.336204408668,3.0
USER_00074,DOC_00066,2024-04-21 23:30:49.112536,85.43134482614555,
USER_00087,DOC_00366,2024-12-07 23:30:49.112686,549.7035805409876,4.0
USER_00013,DOC_00076,2024-11-26 23:30:49.112831,21.312017342439965,
USER_00034,DOC_00487,2024-05-22 23:30:49.112984,395.68222881399674,
USER_00004,DOC_00051,2025-02-07 23:30:49.113134,153.86721068000216,2.0
USER_00088,DOC_00245,2024-04-21 23:30:49.113284,543.0105759590479,5.0
USER_00062,DOC_00062,2025-02-13 23:30:49.113432,563.8624340851014,
USER_00021,DOC_00094,2024-10-12 23:30:49.113582,52.18678435566486,1.0
USER_00019,DOC_00398,2024-06-22 23:30:49.113732,262.0081933185508,3.0
USER_00064,DOC_00101,2025-01-16 23:30:49.113881,416.1405888376943,4.0
USER_00069,DOC_00259,2024-06-17 23:30:49.114029,551.7723190853708,5.0
USER_00088,DOC_00017,2024-09-11 23:30:49.114179,404.07543942168996,3.0
USER_00021,DOC_00375,2025-01-30 23:30:49.114327,471.6135271002309,4.0
USER_00037,DOC_00279,2024-09-29 23:30:49.114472,311.6658343785882,
USER_00010,DOC_00463,2024-07-15 23:30:49.114620,316.4747839708302,3.0
USER_00039,DOC_00451,2024-08-03 23:30:49.114771,492.1829687026385,4.0
USER_00088,DOC_00470,2024-05-12 23:30:49.114925,79.65215928343065,1.0
USER_00086,DOC_00093,2024-06-15 23:30:49.115079,350.8641043948968,3.0
USER_00086,DOC_00021,2024-06-14 23:30:49.115229,260.7471918477193,2.0
USER_00071,DOC_00404,2024-06-21 23:30:49.115384,204.06266914432737,1.0
USER_00013,DOC_00003,2024-12-24 23:30:49.115533,275.84367076150926,2.0
USER_00024,DOC_00241,2024-04-24 23:30:49.115681,74.54595602159702,1.0
USER_00085,DOC_00410,2024-08-01 23:30:49.115832,335.6907216544342,3.0
USER_00001,DOC_00360,2024-11-02 23:30:49.115983,131.98870920115937,1.0
USER_00086,DOC_00464,2025-01-22 23:30:49.116133,11.552971791957026,1.0
USER_00018,DOC_00086,2024-09-27 23:30:49.116284,517.2026731232204,4.0
USER_00006,DOC_00341,2024-05-28 23:30:49.116434,442.99826883076,4.0
USER_00014,DOC_00237,2024-07-06 23:30:49.116579,282.77381350097676,
USER_00072,DOC_00110,2025-02-26 23:30:49.116727,106.12078987095526,1.0
USER_00006,DOC_00144,2024-07-31 23:30:49.116876,84.14007589195381,1.0
USER_00064,DOC_00446,2024-10-04 23:30:49.117025,504.8356694749771,4.0
USER_00073,DOC_00255,2025-02-14 23:30:49.117173,243.26034140821605,
USER_00068,DOC_00204,2024-05-30 23:30:49.117320,512.6139096575262,4.0
USER_00064,DOC_00182,2024-04-26 23:30:49.117470,405.4885840491103,4.0
USER_00037,DOC_00242,2024-09-09 23:30:49.117624,72.82424033797676,1.0
USER_00076,DOC_00467,2024-06-25 23:30:49.117770,153.20184221116406,
USER_00009,DOC_00249,2024-11-25 23:30:49.117918,564.1635350577991,5.0
USER_00041,DOC_00399,2024-11-10 23:30:49.118069,531.897472364375,5.0
USER_00053,DOC_00404,2024-06-07 23:30:49.118220,167.57244539596178,2.0
USER_00057,DOC_00117,2024-08-26 23:30:49.118364,258.6123953161744,
USER_00040,DOC_00398,2024-08-27 23:30:49.118511,597.1440520180715,5.0
USER_00037,DOC_00428,2025-02-02 23:30:49.118659,34.337690848321,1.0
USER_00020,DOC_00105,2024-06-24 23:30:49.118907,62.63186970200866,1.0
USER_00009,DOC_00340,2025-02-22 23:30:49.119141,315.26676099673,2.0
USER_00084,DOC_00166,2024-07-06 23:30:49.119296,522.6813228144757,
USER_00063,DOC_00483,2024-08-14 23:30:49.119448,558.90719450851,
USER_00024,DOC_00132,2024-11-09 23:30:49.119601,285.17223424262454,2.0
USER_00013,DOC_00196,2024-08-26 23:30:49.119751,19.284228420391194,1.0
USER_00072,DOC_00224,2024-08-21 23:30:49.119904,468.60826740491177,
USER_00071,DOC_00204,2025-01-04 23:30:49.120076,23.07241135558368,1.0
USER_00096,DOC_00349,2024-10-18 23:30:49.120245,453.2511389932701,3.0
USER_00051,DOC_00018,2025-01-27 23:30:49.120395,349.1730021432618,3.0
USER_00079,DOC_00103,2024-12-14 23:30:49.120546,434.0968586200071,4.0
USER_00013,DOC_00321,2024-04-22 23:30:49.120694,475.6538357177568,4.0
USER_00051,DOC_00079,2025-01-07 23:30:49.120844,595.0405990418584,5.0
USER_00060,DOC_00321,2024-09-20 23:30:49.120993,490.9717627637334,4.0
USER_00092,DOC_00071,2025-02-06 23:30:49.121142,543.3482053429461,5.0
USER_00047,DOC_00079,2024-11-25 23:30:49.121289,294.01579993157225,3.0
USER_00070,DOC_00485,2024-07-23 23:30:49.121439,510.9303628372491,5.0
USER_00090,DOC_00382,2024-08-05 23:30:49.121588,439.7478497994322,3.0
USER_00077,DOC_00397,2024-12-31 23:30:49.121737,113.00455095905257,1.0
USER_00038,DOC_00288,2024-08-16 23:30:49.121886,111.39555315277428,1.0
USER_00058,DOC_00459,2025-02-18 23:30:49.122033,435.19202815963877,4.0
USER_00086,DOC_00325,2024-11-03 23:30:49.122178,138.16221849913805,
USER_00090,DOC_00031,2025-01-22 23:30:49.122327,484.2919781537995,4.0
USER_00012,DOC_00334,2025-01-03 23:30:49.122470,594.4138239994526,
USER_00052,DOC_00272,2024-03-28 23:30:49.122623,581.6644954940581,5.0
USER_00077,DOC_00164,2024-11-22 23:30:49.122772,254.4419042771621,2.0
USER_00057,DOC_00032,2024-05-18 23:30:49.122915,240.97304089706927,
USER_00016,DOC_00318,2024-10-09 23:30:49.123063,27.949888395910516,1.0
USER_00072,DOC_00467,2024-12-06 23:30:49.123211,288.2086746870175,2.0
USER_00017,DOC_00252,2024-12-01 23:30:49.123360,27.429761480781032,1.0
USER_00040,DOC_00353,2024-10-19 23:30:49.123509,372.31353540566397,3.0
USER_00098,DOC_00111,2024-12-06 23:30:49.123654,415.2627862452363,
USER_00033,DOC_00161,2024-07-12 23:30:49.123797,589.1316275611107,
USER_00087,DOC_00463,2024-07-27 23:30:49.123944,474.28758247903045,4.0
USER_00045,DOC_00078,2024-11-28 23:30:49.124092,563.765501509318,4.0
USER_00013,DOC_00404,2024-06-13 23:30:49.124238,159.56559950240614,1.0
USER_00050,DOC_00386,2024-09-26 23:30:49.124402,345.7990785861972,
USER_00047,DOC_00282,2024-09-03 23:30:49.124663,158.2715354138725,1.0
USER_00061,DOC_00407,2024-11-10 23:30:49.124882,403.47417814368407,3.0
USER_00074,DOC_00066,2024-05-11 23:30:49.125066,10.109265224311256,1.0
USER_00046,DOC_00325,2025-03-09 23:30:49.125222,208.707640538443,2.0
USER_00037,DOC_00199,2024-06-10 23:30:49.125371,119.8845135968671,1.0
USER_00087,DOC_00019,2024-10-28 23:30:49.125520,218.80434365497206,2.0
USER_00048,DOC_00163,2024-10-01 23:30:49.125668,201.63136007441273,1.0
USER_00035,DOC_00350,2024-06-24 23:30:49.125816,569.2433994856112,5.0
USER_00081,DOC_00014,2024-09-16 23:30:49.125959,539.5302127139289,
USER_00039,DOC_00183,2024-11-21 23:30:49.126106,448.1698240072886,4.0
USER_00083,DOC_00159,2024-12-31 23:30:49.126252,197.0731990705777,
USER_00044,DOC_00068,2024-11-12 23:30:49.126395,458.09707582110116,
USER_00081,DOC_00456,2024-11-24 23:30:49.126541,299.03730918666264,3.0
USER_00056,DOC_00038,2024-11-08 23:30:49.126684,263.2995917609054,
USER_00008,DOC_00444,2024-03-28 23:30:49.126827,14.851647519446,
USER_00013,DOC_00087,2024-07-26 23:30:49.126975,351.83403913528974,3.0
USER_00027,DOC_00320,2024-06-15 23:30:49.127117,373.599588633423,
USER_00092,DOC_00083,2025-03-16 23:30:49.127265,537.2527029633836,5.0
USER_00038,DOC_00189,2024-04-07 23:30:49.127412,596.003379695524,5.0
USER_00072,DOC_00043,2024-08-16 23:30:49.127564,375.4172705024164,3.0
USER_00051,DOC_00004,2024-09-26 23:30:49.127709,536.7181003678496,
USER_00005,DOC_00311,2024-12-05 23:30:49.127856,251.8101271398265,2.0
USER_00054,DOC_00418,2024-09-22 23:30:49.128005,549.7048017893962,5.0
USER_00053,DOC_00306,2024-08-22 23:30:49.128154,145.67723508661018,1.0
USER_00084,DOC_00269,2024-10-28 23:30:49.128298,448.31614477269625,
USER_00045,DOC_00165,2024-07-24 23:30:49.128446,123.38191259652487,1.0
USER_00055,DOC_00231,2024-08-11 23:30:49.128593,129.5675839743543,1.0
USER_00002,DOC_00234,2024-12-19 23:30:49.128739,22.491694603873285,1.0
USER_00014,DOC_00182,2024-06-23 23:30:49.128886,371.26366041583407,
USER_00020,DOC_00371,2024-06-09 23:30:49.129035,73.63490793057355,1.0
USER_00073,DOC_00283,2024-06-24 23:30:49.129182,498.4681166679479,4.0
USER_00049,DOC_00484,2024-12-16 23:30:49.129326,109.20324067790078,
USER_00072,DOC_00397,2025-03-01 23:30:49.129474,250.71667372640988,2.0
USER_00035,DOC_00067,2024-08-14 23:30:49.129628,383.6541829176002,3.0
USER_00087,DOC_00015,2025-03-06 23:30:49.129795,300.34882768065836,2.0
USER_00070,DOC_00443,2025-02-25 23:30:49.129957,65.58411453137134,
USER_00002,DOC_00353,2024-07-28 23:30:49.130105,412.98080791155496,3.0
USER_00013,DOC_00382,2024-08-06 23:30:49.130250,300.89072170872083,
USER_00028,DOC_00320,2024-04-02 23:30:49.130397,596.1659206334677,5.0
USER_00041,DOC_00484,2025-02-06 23:30:49.130545,297.003500897718,3.0
USER_00056,DOC_00159,2024-09-22 23:30:49.130693,336.5234410865992,3.0
USER_00069,DOC_00172,2024-09-27 23:30:49.130841,228.387271826746,2.0
USER_00027,DOC_00120,2024-06-26 23:30:49.130988,516.1916477873784,5.0
USER_00053,DOC_00294,2024-07-15 23:30:49.131136,301.8126846949843,3.0
USER_00016,DOC_00035,2024-05-20 23:30:49.131280,541.8259653252476,
USER_00093,DOC_00487,2024-07-19 23:30:49.131427,498.555130212397,4.0
USER_00049,DOC_00052,2025-02-27 23:30:49.131577,248.7174709386492,2.0
USER_00066,DOC_00256,2024-08-29 23:30:49.131726,92.55219656392651,1.0
USER_00051,DOC_00437,2024-06-03 23:30:49.131875,329.86113049063835,3.0
USER_00040,DOC_00450,2024-11-09 23:30:49.132022,410.79683253499655,3.0
USER_00039,DOC_00452,2024-03-28 23:30:49.132169,97.03906216463463,1.0
USER_00013,DOC_00146,2024-05-24 23:30:49.132321,22.77226252647627,1.0
USER_00085,DOC_00043,2024-10-20 23:30:49.132466,448.7409203744405,
USER_00019,DOC_00023,2025-02-01 23:30:49.132614,148.1747111139196,1.0
USER_00069,DOC_00244,2024-08-05 23:30:49.132758,131.05787170314483,
USER_00088,DOC_00253,2024-05-25 23:30:49.132934,381.31941615107365,
USER_00072,DOC_00263,2024-10-18 23:30:49.133077,346.5285219668432,
USER_00038,DOC_00125,2025-03-01 23:30:49.133226,195.88333299848364,1.0
USER_00003,DOC_00357,2024-06-12 23:30:49.133373,579.3686575168521,4.0
USER_00002,DOC_00233,2024-06-21 23:30:49.133520,406.5475314582914,3.0
USER_00052,DOC_00213,2024-11-21 23:30:49.133665,205.0544778823011,
USER_00099,DOC_00390,2024-11-24 23:30:49.133814,581.5279556256954,5.0
USER_00065,DOC_00281,2024-05-28 23:30:49.133960,171.99766617510272,1.0
USER_00036,DOC_00147,2024-09-03 23:30:49.134103,167.3550240759564,
USER_00037,DOC_00155,2024-06-17 23:30:49.134250,590.6573260950968,5.0
USER_00044,DOC_00362,2024-06-19 23:30:49.134404,554.2370104922243,4.0
USER_00075,DOC_00247,2025-02-07 23:30:49.134552,59.56101156716914,1.0
USER_00065,DOC_00139,2024-12-09 23:30:49.134704,495.62164211405945,4.0
USER_00090,DOC_00250,2024-05-30 23:30:49.134849,222.58947123802199,
USER_00083,DOC_00453,2024-11-28 23:30:49.134996,434.2296698860336,3.0
USER_00049,DOC_00234,2024-07-27 23:30:49.135140,366.19876334572723,
USER_00058,DOC_00335,2025-01-06 23:30:49.135284,278.9612351064555,
USER_00033,DOC_00217,2024-08-30 23:30:49.135432,430.79921299549204,4.0
USER_00054,DOC_00087,2024-06-29 23:30:49.135578,318.20022574041263,2.0
USER_00066,DOC_00053,2025-02-24 23:30:49.135722,587.178996739403,
USER_00092,DOC_00406,2024-11-05 23:30:49.135865,158.082026458677,
USER_00024,DOC_00451,2024-05-31 23:30:49.136013,227.1111955402041,2.0
USER_00082,DOC_00307,2024-04-12 23:30:49.136157,149.05539745511857,
USER_00012,DOC_00082,2025-02-03 23:30:49.136592,175.94341202448,
USER_00053,DOC_00440,2024-07-22 23:30:49.136967,564.7839625473734,5.0
USER_00033,DOC_00023,2025-01-05 23:30:49.137306,259.4276784820605,
USER_00080,DOC_00433,2024-12-24 23:30:49.137598,474.0638724553561,
USER_00090,DOC_00193,2024-05-12 23:30:49.137767,147.3108427033316,2.0
USER_00013,DOC_00408,2024-06-16 23:30:49.137924,206.8327856768321,1.0
USER_00050,DOC_00014,2024-05-14 23:30:49.138077,256.05874970933155,2.0
USER_00094,DOC_00297,2024-05-08 23:30:49.138224,93.81634957140672,
USER_00098,DOC_00016,2024-06-27 23:30:49.138374,297.9744335563358,
USER_00031,DOC_00066,2024-10-07 23:30:49.138524,323.50289070020744,2.0
USER_00025,DOC_00025,2024-06-15 23:30:49.138669,52.68562083951647,
USER_00040,DOC_00294,2024-11-24 23:30:49.138813,102.4584845001223,
USER_00019,DOC_00231,2025-02-24 23:30:49.138962,468.69292066951255,4.0
USER_00078,DOC_00100,2024-12-17 23:30:49.139112,364.91361876402664,3.0
USER_00006,DOC_00169,2024-12-15 23:30:49.139262,117.92515906857462,1.0
USER_00014,DOC_00194,2024-07-09 23:30:49.139405,312.71095948942843,
USER_00017,DOC_00291,2025-03-03 23:30:49.139552,427.7340325587679,4.0
USER_00015,DOC_00419,2024-10-03 23:30:49.139703,496.8768179935874,4.0
USER_00096,DOC_00247,2025-01-11 23:30:49.139852,532.9620669283931,5.0
USER_00098,DOC_00074,2024-08-12 23:30:49.140005,206.49314886440257,2.0
USER_00097,DOC_00038,2024-04-27 23:30:49.140162,174.44109193327787,1.0
USER_00095,DOC_00210,2024-05-25 23:30:49.140311,168.86955034007252,2.0
USER_00041,DOC_00175,2024-09-12 23:30:49.140455,342.1108975505061,
USER_00068,DOC_00280,2025-03-01 23:30:49.140603,124.19059021134784,1.0
USER_00079,DOC_00420,2024-08-08 23:30:49.140942,339.98810452532797,3.0
USER_00074,DOC_00350,2024-09-18 23:30:49.141541,131.11028798488854,1.0
USER_00043,DOC_00359,2024-08-08 23:30:49.141899,71.11017400077887,
USER_00045,DOC_00336,2025-02-26 23:30:49.142413,388.6474886201966,4.0
USER_00043,DOC_00292,2024-12-18 23:30:49.142757,213.21254726814107,2.0
USER_00006,DOC_00354,2024-11-24 23:30:49.142923,100.8696319708761,1.0
USER_00046,DOC_00425,2024-12-05 23:30:49.143082,38.48041330520906,1.0
USER_00039,DOC_00345,2024-05-18 23:30:49.143238,203.07768166443202,1.0
USER_00029,DOC_00102,2024-11-02 23:30:49.143392,21.93937725757076,1.0
USER_00073,DOC_00328,2024-12-03 23:30:49.143544,547.7578620383551,4.0
USER_00033,DOC_00352,2024-09-30 23:30:49.143712,481.1126185263087,4.0
USER_00046,DOC_00184,2024-04-12 23:30:49.143871,412.7604805529475,3.0
USER_00081,DOC_00374,2024-10-28 23:30:49.144037,39.511104332289946,1.0
USER_00097,DOC_00435,2024-03-26 23:30:49.144196,158.8770626038043,1.0
USER_00058,DOC_00392,2024-05-30 23:30:49.144353,562.8963714136685,5.0
USER_00051,DOC_00500,2024-04-23 23:30:49.144510,480.0581138501177,4.0
USER_00098,DOC_00173,2024-05-04 23:30:49.144665,282.91235190514175,3.0
USER_00054,DOC_00057,2024-08-03 23:30:49.144821,323.77587137837503,3.0
USER_00055,DOC_00373,2025-02-26 23:30:49.144976,430.6885592613113,3.0
USER_00049,DOC_00063,2024-08-11 23:30:49.145128,422.10347601078354,
USER_00065,DOC_00069,2024-06-15 23:30:49.145283,375.9645020894973,3.0
USER_00028,DOC_00296,2024-09-09 23:30:49.145436,363.48002404386386,
USER_00075,DOC_00085,2024-09-15 23:30:49.145586,253.53021292178826,
USER_00012,DOC_00091,2024-06-03 23:30:49.145741,536.346089257738,5.0
USER_00015,DOC_00402,2024-10-30 23:30:49.145896,41.93930095736924,1.0
USER_00018,DOC_00441,2024-11-04 23:30:49.146047,359.3527094471009,
USER_00075,DOC_00496,2024-05-14 23:30:49.146198,445.3923409492337,
USER_00003,DOC_00255,2024-07-21 23:30:49.146359,572.3129334870608,
USER_00083,DOC_00493,2024-12-27 23:30:49.146522,235.370247117279,2.0
USER_00091,DOC_00475,2024-06-07 23:30:49.146705,452.4923207841854,3.0
USER_00033,DOC_00348,2024-04-07 23:30:49.146865,346.2898632367365,2.0
USER_00058,DOC_00415,2024-09-14 23:30:49.147024,146.3113213887651,1.0
USER_00079,DOC_00205,2024-11-02 23:30:49.147181,557.8280242750335,5.0
USER_00038,DOC_00098,2024-05-26 23:30:49.147334,219.01677558329922,
USER_00043,DOC_00120,2024-09-07 23:30:49.147485,395.1598864204034,
USER_00084,DOC_00031,2025-01-31 23:30:49.147636,251.8047020846605,
USER_00045,DOC_00293,2024-08-05 23:30:49.147790,199.8248476163839,2.0
USER_00094,DOC_00262,2024-09-04 23:30:49.147945,342.22562394477075,3.0
USER_00006,DOC_00013,2024-07-09 23:30:49.148100,423.1110729834913,4.0
USER_00058,DOC_00036,2024-09-12 23:30:49.148255,342.6440007558701,3.0
USER_00077,DOC_00050,2024-04-24 23:30:49.148410,248.21640018222445,2.0
USER_00054,DOC_00047,2025-03-05 23:30:49.148566,190.7432993692663,2.0
USER_00091,DOC_00393,2024-08-20 23:30:49.148723,215.48202306428297,2.0
USER_00028,DOC_00036,2024-09-09 23:30:49.148875,547.6288951141389,
USER_00078,DOC_00167,2024-07-04 23:30:49.149035,74.77194266553863,1.0
USER_00017,DOC_00342,2024-10-01 23:30:49.149192,319.8692981361703,3.0
USER_00047,DOC_00256,2024-07-23 23:30:49.149346,249.0430264899951,2.0
USER_00092,DOC_00249,2024-10-06 23:30:49.149498,271.9275265927642,
USER_00036,DOC_00047,2024-10-31 23:30:49.149652,109.06288599523242,1.0
USER_00028,DOC_00342,2024-10-28 23:30:49.149803,53.753872406678134,
USER_00089,DOC_00178,2025-01-09 23:30:49.149958,590.349093309359,5.0
USER_00007,DOC_00252,2024-05-20 23:30:49.150111,235.5951127708594,
USER_00079,DOC_00234,2024-04-12 23:30:49.150263,172.0424337924081,
USER_00010,DOC_00017,2025-01-12 23:30:49.150419,530.4084297445422,5.0
USER_00048,DOC_00202,2025-03-01 23:30:49.150570,154.72115524974936,
USER_00071,DOC_00240,2025-01-02 23:30:49.150721,161.28022333132708,
USER_00084,DOC_00199,2024-04-19 23:30:49.150871,18.2492106531052,
USER_00063,DOC_00084,2024-06-16 23:30:49.151022,344.8166678923218,
USER_00059,DOC_00397,2024-04-16 23:30:49.151177,155.93730937246826,
USER_00098,DOC_00062,2024-08-20 23:30:49.151329,143.39852423974838,
USER_00060,DOC_00316,2025-03-10 23:30:49.151483,50.325539154434885,
USER_00048,DOC_00103,2024-05-17 23:30:49.151680,528.3251533477693,4.0
USER_00028,DOC_00366,2024-07-10 23:30:49.151914,228.7192876522926,2.0
USER_00017,DOC_00199,2024-10-13 23:30:49.152070,48.35323875237572,1.0
USER_00099,DOC_00433,2024-08-06 23:30:49.152226,65.40687925030775,1.0
USER_00050,DOC_00345,2024-08-08 23:30:49.152383,583.7835444742482,5.0
USER_00004,DOC_00239,2024-07-17 23:30:49.152534,225.80519618818295,
USER_00065,DOC_00106,2024-11-21 23:30:49.152685,310.31203283474474,
USER_00088,DOC_00290,2024-09-12 23:30:49.152835,107.66906894562148,
USER_00033,DOC_00452,2024-05-29 23:30:49.152991,336.1699100945157,3.0
USER_00089,DOC_00441,2024-11-05 23:30:49.153143,133.8597806873558,
USER_00052,DOC_00499,2024-04-05 23:30:49.153297,300.32613005603116,3.0
USER_00096,DOC_00264,2024-03-30 23:30:49.153454,56.686280790063364,1.0
USER_00041,DOC_00149,2024-07-23 23:30:49.153610,19.066087933486752,1.0
USER_00029,DOC_00464,2024-07-29 23:30:49.153774,100.90468215911926,1.0
USER_00019,DOC_00053,2024-03-28 23:30:49.153923,36.58515333263803,1.0
USER_00064,DOC_00429,2025-02-15 23:30:49.154075,158.7980298639786,1.0
USER_00070,DOC_00154,2024-07-27 23:30:49.154223,142.63961071100888,
USER_00005,DOC_00293,2024-09-29 23:30:49.154368,11.288615758278768,
USER_00006,DOC_00271,2024-04-25 23:30:49.154513,187.56505217961674,
USER_00044,DOC_00426,2025-03-15 23:30:49.154661,301.3632049846348,2.0
USER_00075,DOC_00203,2024-12-30 23:30:49.154810,436.2357195832237,3.0
USER_00059,DOC_00021,2025-01-19 23:30:49.154959,519.0452419461205,4.0
USER_00069,DOC_00168,2024-05-10 23:30:49.155108,87.11196971150467,1.0
USER_00054,DOC_00103,2025-01-13 23:30:49.155257,20.949418548880082,1.0
USER_00032,DOC_00240,2025-02-21 23:30:49.155407,568.8298231063982,5.0
USER_00012,DOC_00243,2024-09-11 23:30:49.155553,229.71639296086013,
USER_00052,DOC_00133,2024-09-02 23:30:49.155701,199.53211789526634,1.0
USER_00096,DOC_00483,2024-09-13 23:30:49.155845,101.98173368856862,
USER_00020,DOC_00106,2024-11-22 23:30:49.155993,301.48529149208264,3.0
USER_00009,DOC_00080,2024-05-27 23:30:49.156146,396.5515644749724,3.0
USER_00041,DOC_00038,2025-03-21 23:30:49.156297,319.31217746326297,2.0
USER_00037,DOC_00373,2024-07-02 23:30:49.156447,333.881527401118,
USER_00007,DOC_00398,2024-04-30 23:30:49.156597,244.94387882961712,
USER_00034,DOC_00360,2024-11-29 23:30:49.156756,288.10718500206855,
USER_00069,DOC_00222,2024-07-25 23:30:49.157250,67.32716235991964,1.0
USER_00002,DOC_00303,2024-08-04 23:30:49.157729,41.64075031915502,1.0
USER_00005,DOC_00192,2025-02-16 23:30:49.158143,179.39437544726616,2.0
USER_00079,DOC_00275,2025-03-07 23:30:49.158487,367.6046639132541,
USER_00076,DOC_00473,2024-08-26 23:30:49.158805,407.0215163293161,4.0
USER_00018,DOC_00429,2024-05-22 23:30:49.158965,390.99814720310576,
USER_00058,DOC_00018,2025-03-14 23:30:49.159120,377.07848526242856,3.0
USER_00069,DOC_00341,2024-11-12 23:30:49.159268,156.09514344735436,
USER_00018,DOC_00093,2024-10-03 23:30:49.159438,337.94588773326416,3.0
USER_00051,DOC_00019,2024-09-16 23:30:49.159642,390.4547716519159,3.0
USER_00030,DOC_00098,2025-02-19 23:30:49.159791,502.3279867861008,4.0
USER_00074,DOC_00338,2024-10-06 23:30:49.159942,85.43375256613037,1.0
USER_00042,DOC_00471,2024-05-31 23:30:49.160100,477.37979037449907,4.0
USER_00087,DOC_00360,2025-03-11 23:30:49.160250,558.3611895656434,4.0
USER_00014,DOC_00188,2024-11-29 23:30:49.160397,129.45268834691052,
USER_00044,DOC_00236,2024-11-02 23:30:49.160547,72.76915919430564,1.0
USER_00015,DOC_00016,2024-04-25 23:30:49.160697,582.8765430375967,4.0
USER_00020,DOC_00177,2024-12-17 23:30:49.160843,72.96117739632354,
USER_00099,DOC_00371,2024-05-13 23:30:49.160993,161.02864771736836,1.0
USER_00032,DOC_00093,2024-08-16 23:30:49.161136,123.30477619981241,
USER_00036,DOC_00416,2024-12-27 23:30:49.161285,11.74800513063412,1.0
USER_00075,DOC_00177,2024-11-22 23:30:49.161430,570.0105980135019,
USER_00015,DOC_00235,2024-10-22 23:30:49.161578,599.8071910928344,5.0
USER_00084,DOC_00092,2024-11-15 23:30:49.161724,29.248290629764327,
USER_00059,DOC_00197,2025-03-06 23:30:49.161873,424.41372409885184,4.0
USER_00077,DOC_00243,2025-01-08 23:30:49.162018,449.0608883378632,
USER_00062,DOC_00478,2024-09-22 23:30:49.162274,107.86797555089593,1.0
USER_00028,DOC_00330,2024-12-18 23:30:49.162429,92.89341576787297,1.0
USER_00052,DOC_00420,2024-11-07 23:30:49.162583,280.17550211792974,3.0
USER_00021,DOC_00320,2024-09-21 23:30:49.162733,187.13301800611842,2.0
USER_00004,DOC_00287,2025-01-14 23:30:49.162878,35.37823898423265,
USER_00070,DOC_00261,2024-07-18 23:30:49.163029,51.44001046299383,1.0
USER_00007,DOC_00224,2024-10-10 23:30:49.163175,455.497590651791,
USER_00083,DOC_00295,2024-11-17 23:30:49.163325,342.81010379628884,2.0
USER_00063,DOC_00159,2025-01-21 23:30:49.163474,331.4241258778209,3.0
USER_00003,DOC_00146,2024-09-27 23:30:49.163624,220.62037836266663,2.0
USER_00079,DOC_00487,2025-02-23 23:30:49.163771,526.2364645882294,
USER_00096,DOC_00266,2024-08-21 23:30:49.163916,28.326377289589757,
USER_00095,DOC_00132,2024-11-14 23:30:49.164063,545.0549707732412,5.0
USER_00068,DOC_00193,2024-10-03 23:30:49.164213,284.906931048691,3.0
USER_00063,DOC_00065,2024-04-25 23:30:49.164360,11.44820600186809,1.0
USER_00092,DOC_00398,2024-10-09 23:30:49.164510,369.01772165276407,3.0
USER_00059,DOC_00170,2024-11-24 23:30:49.164655,420.42772727417224,
USER_00034,DOC_00295,2024-04-23 23:30:49.164801,430.686639350567,3.0
USER_00032,DOC_00264,2024-04-06 23:30:49.164951,462.8225417704912,
USER_00033,DOC_00261,2024-04-28 23:30:49.165097,483.35040165457565,
USER_00036,DOC_00481,2024-04-07 23:30:49.165243,562.915530420922,5.0
USER_00071,DOC_00465,2024-06-26 23:30:49.165388,170.45941358906873,
USER_00015,DOC_00242,2024-08-17 23:30:49.165535,140.63184677798202,1.0
USER_00032,DOC_00277,2024-06-27 23:30:49.165683,547.8421630705617,4.0
USER_00015,DOC_00404,2024-04-25 23:30:49.165832,17.828439107916267,1.0
USER_00091,DOC_00447,2024-07-02 23:30:49.165979,597.7256928532732,5.0
USER_00087,DOC_00246,2025-03-05 23:30:49.166125,241.29742553411884,
USER_00028,DOC_00023,2024-03-28 23:30:49.166270,391.53692436434403,
USER_00076,DOC_00253,2024-12-04 23:30:49.166418,287.64917132305237,2.0
USER_00008,DOC_00069,2024-08-30 23:30:49.166564,441.4936061593102,
USER_00016,DOC_00468,2024-08-29 23:30:49.166712,37.16664442649015,1.0
USER_00029,DOC_00067,2024-04-22 23:30:49.166861,384.1054661130537,4.0
USER_00010,DOC_00289,2025-03-11 23:30:49.167009,27.93447473880042,1.0
USER_00024,DOC_00428,2024-12-05 23:30:49.167160,247.92364852126744,
USER_00100,DOC_00149,2025-03-03 23:30:49.167317,130.83289971410846,1.0
USER_00006,DOC_00073,2024-04-16 23:30:49.167468,245.49358004543134,2.0
USER_00034,DOC_00056,2025-03-18 23:30:49.167613,448.02810200412495,
USER_00006,DOC_00191,2024-05-16 23:30:49.167761,105.7154469469332,1.0
USER_00096,DOC_00010,2025-02-22 23:30:49.167911,473.7993814985259,4.0
USER_00078,DOC_00421,2025-03-02 23:30:49.168059,375.8186485301585,3.0
USER_00031,DOC_00391,2025-02-05 23:30:49.168206,489.2546726998538,4.0
USER_00019,DOC_00304,2024-07-25 23:30:49.168354,376.61691876355906,3.0
USER_00045,DOC_00196,2024-10-03 23:30:49.168501,406.5419895381212,3.0
USER_00067,DOC_00352,2024-04-21 23:30:49.168649,304.12353198354367,3.0
USER_00085,DOC_00051,2024-04-14 23:30:49.168798,296.63412972763547,3.0
USER_00055,DOC_00332,2024-07-23 23:30:49.168941,419.14547451877604,
USER_00095,DOC_00267,2024-07-21 23:30:49.169091,586.4129222294939,4.0
USER_00090,DOC_00008,2025-01-25 23:30:49.169240,202.23971176306273,2.0
USER_00086,DOC_00055,2024-05-24 23:30:49.169388,387.65333398584033,3.0
USER_00004,DOC_00421,2024-07-22 23:30:49.169535,377.30969395977013,3.0
USER_00075,DOC_00261,2024-04-18 23:30:49.169685,297.9554921991011,
USER_00028,DOC_00461,2024-04-20 23:30:49.169828,493.4936258033669,
USER_00046,DOC_00069,2024-04-09 23:30:49.169971,550.1290626683739,
USER_00028,DOC_00016,2024-09-13 23:30:49.170117,598.797618996455,5.0
USER_00023,DOC_00365,2024-08-13 23:30:49.170266,156.75852711179755,1.0
USER_00003,DOC_00273,2024-10-19 23:30:49.170415,262.0230316136158,2.0
USER_00072,DOC_00055,2024-12-12 23:30:49.170558,259.9156378586565,
USER_00029,DOC_00151,2024-09-28 23:30:49.170702,269.6850818573827,
USER_00065,DOC_00231,2024-04-01 23:30:49.170848,502.45442785592604,4.0
USER_00095,DOC_00384,2025-01-16 23:30:49.170997,526.9599837127411,4.0
USER_00062,DOC_00133,2024-08-31 23:30:49.171143,357.1015839345485,3.0
USER_00038,DOC_00043,2024-10-09 23:30:49.171294,578.0256549803523,5.0
USER_00049,DOC_00203,2024-07-19 23:30:49.171439,433.54203216744554,
USER_00039,DOC_00327,2024-07-18 23:30:49.171585,541.3873649533558,4.0
USER_00008,DOC_00069,2024-06-22 23:30:49.171730,30.086258658156154,
USER_00059,DOC_00439,2025-01-06 23:30:49.171883,158.02650204877222,1.0
USER_00078,DOC_00101,2024-11-22 23:30:49.172035,560.2823223926963,4.0
USER_00016,DOC_00172,2024-07-14 23:30:49.172183,401.9688320690382,4.0
USER_00035,DOC_00207,2024-07-25 23:30:49.172325,154.32147534101983,
USER_00051,DOC_00302,2024-10-21 23:30:49.172470,579.8170027631108,5.0
USER_00058,DOC_00423,2024-10-25 23:30:49.172618,372.9246837046839,3.0
USER_00053,DOC_00213,2024-08-31 23:30:49.172764,290.30467440754353,3.0
USER_00064,DOC_00255,2025-01-18 23:30:49.172913,280.2594940530059,2.0
USER_00002,DOC_00132,2024-07-24 23:30:49.173059,78.67618751992175,1.0
USER_00064,DOC_00142,2024-11-08 23:30:49.173203,40.16766648295134,
USER_00092,DOC_00191,2025-03-16 23:30:49.173345,289.32659290787916,
USER_00095,DOC_00357,2024-12-10 23:30:49.173487,284.2738487910628,
USER_00018,DOC_00035,2025-01-02 23:30:49.173634,365.24007977513634,3.0
USER_00066,DOC_00369,2024-08-03 23:30:49.173783,351.6527913347368,2.0
USER_00098,DOC_00034,2024-08-30 23:30:49.173931,385.01660519188283,3.0
USER_00046,DOC_00166,2024-05-11 23:30:49.174078,502.05454963846694,5.0
USER_00097,DOC_00145,2025-03-06 23:30:49.174226,306.70750598484733,2.0
USER_00095,DOC_00443,2025-03-08 23:30:49.174378,248.07843223926534,2.0
USER_00012,DOC_00075,2024-09-10 23:30:49.174520,224.2459391888852,
USER_00012,DOC_00030,2024-05-23 23:30:49.174666,507.06204253892327,4.0
USER_00004,DOC_00192,2024-08-21 23:30:49.174970,248.40751240105254,2.0
USER_00079,DOC_00475,2024-05-14 23:30:49.175318,554.0346656076756,
USER_00082,DOC_00132,2025-02-14 23:30:49.175479,457.4888909123847,4.0
USER_00033,DOC_00462,2025-02-02 23:30:49.175634,589.012491552455,5.0
USER_00080,DOC_00294,2025-02-03 23:30:49.175786,48.42935585193702,1.0
USER_00014,DOC_00046,2025-01-01 23:30:49.175934,530.9555449002294,
USER_00044,DOC_00194,2024-06-23 23:30:49.176082,261.0044046112439,
USER_00022,DOC_00083,2024-07-13 23:30:49.176232,437.5755223376493,3.0
USER_00031,DOC_00287,2024-12-19 23:30:49.176382,250.05864694855583,2.0
USER_00022,DOC_00023,2024-11-13 23:30:49.176529,159.7915664670302,
USER_00087,DOC_00148,2024-06-02 23:30:49.176675,274.6818191695064,
USER_00072,DOC_00018,2024-09-19 23:30:49.176826,502.5335740931549,5.0
USER_00005,DOC_00231,2024-05-04 23:30:49.176983,352.85268437175887,3.0
USER_00024,DOC_00078,2024-07-04 23:30:49.177138,68.27374032526325,1.0
USER_00073,DOC_00363,2024-12-29 23:30:49.177307,360.7845596755764,3.0
USER_00010,DOC_00289,2024-11-25 23:30:49.177599,565.7239339746142,5.0
USER_00040,DOC_00353,2024-09-15 23:30:49.177796,357.7320598623892,3.0
USER_00060,DOC_00124,2024-12-01 23:30:49.177964,380.1515476168637,
USER_00089,DOC_00321,2025-02-15 23:30:49.178153,309.59267030116143,3.0
USER_00064,DOC_00219,2024-08-27 23:30:49.178420,79.0932665881139,1.0
USER_00062,DOC_00344,2024-12-25 23:30:49.178643,500.6676236999052,
USER_00067,DOC_00079,2025-02-13 23:30:49.178854,518.4465654757192,4.0
USER_00009,DOC_00101,2025-02-24 23:30:49.179123,264.1490834334237,2.0
USER_00014,DOC_00428,2024-10-08 23:30:49.179429,544.0019927990759,
USER_00028,DOC_00192,2025-03-07 23:30:49.179757,380.0116524960593,3.0
USER_00087,DOC_00333,2024-11-28 23:30:49.180061,414.9596173358596,4.0
USER_00067,DOC_00220,2024-07-19 23:30:49.180384,599.1505466061905,5.0
USER_00081,DOC_00071,2024-06-05 23:30:49.180731,472.2980498190314,4.0
USER_00092,DOC_00015,2024-08-10 23:30:49.181041,339.0090120724636,2.0
USER_00052,DOC_00475,2024-06-12 23:30:49.181332,246.53260632168437,
USER_00053,DOC_00157,2024-11-06 23:30:49.181635,183.26908388147734,2.0
USER_00076,DOC_00030,2024-05-08 23:30:49.181928,41.47069617305827,1.0
USER_00021,DOC_00385,2024-05-25 23:30:49.182212,598.5534507919323,5.0
USER_00054,DOC_00214,2024-10-14 23:30:49.182439,505.9161691700243,
USER_00039,DOC_00279,2024-07-23 23:30:49.182741,34.80642968480737,1.0
USER_00067,DOC_00487,2024-12-01 23:30:49.183253,484.3266831578707,
USER_00100,DOC_00471,2024-09-12 23:30:49.183704,20.54830558054266,1.0
USER_00082,DOC_00378,2024-05-23 23:30:49.183946,208.63756220967855,2.0
USER_00081,DOC_00172,2024-08-12 23:30:49.184115,66.19894839355187,1.0
USER_00051,DOC_00246,2025-02-28 23:30:49.184279,218.17802984036504,2.0
USER_00088,DOC_00055,2025-03-12 23:30:49.184437,501.3276143871014,4.0
USER_00001,DOC_00372,2024-07-05 23:30:49.184596,260.100853678229,3.0
USER_00026,DOC_00369,2025-03-15 23:30:49.184751,344.1238566962717,
USER_00045,DOC_00244,2024-09-27 23:30:49.184907,410.6860104875685,3.0
USER_00084,DOC_00072,2024-08-15 23:30:49.185082,196.96247578163974,1.0
USER_00058,DOC_00351,2024-04-09 23:30:49.185235,264.8946317839076,
USER_00042,DOC_00259,2024-10-01 23:30:49.185392,360.38436541200366,3.0
USER_00058,DOC_00479,2024-11-13 23:30:49.185549,271.75093149605243,2.0
USER_00030,DOC_00291,2025-01-31 23:30:49.185703,85.39815807211498,
USER_00014,DOC_00419,2024-04-07 23:30:49.185861,74.29326128931032,1.0
USER_00069,DOC_00163,2024-06-05 23:30:49.186040,310.9408214809177,2.0
USER_00091,DOC_00152,2024-10-25 23:30:49.186429,321.7277523052292,
USER_00072,DOC_00271,2025-03-20 23:30:49.186684,183.6498290964292,
USER_00075,DOC_00402,2024-05-02 23:30:49.187106,99.14371808717765,
USER_00055,DOC_00437,2024-12-07 23:30:49.187284,237.17433032584287,
USER_00034,DOC_00283,2024-09-08 23:30:49.187447,232.75179956737873,
USER_00086,DOC_00287,2024-09-15 23:30:49.187610,29.701990870855862,1.0
USER_00089,DOC_00416,2024-05-08 23:30:49.187767,24.75242658184935,
USER_00030,DOC_00447,2024-09-14 23:30:49.187930,551.5034987236544,5.0
USER_00025,DOC_00420,2024-11-06 23:30:49.188092,476.79777375947134,4.0
USER_00087,DOC_00466,2025-03-06 23:30:49.188269,296.4840593472232,2.0
USER_00008,DOC_00490,2024-09-15 23:30:49.188427,55.78139336592792,1.0
USER_00076,DOC_00294,2025-02-20 23:30:49.188801,463.1710593715526,
USER_00008,DOC_00118,2024-07-29 23:30:49.189019,307.73903821884323,
USER_00088,DOC_00074,2024-07-15 23:30:49.189319,69.09990248002464,1.0
USER_00057,DOC_00330,2024-12-21 23:30:49.189535,234.9467742625379,2.0
USER_00068,DOC_00050,2024-08-03 23:30:49.189807,42.076045279708424,1.0
USER_00015,DOC_00316,2024-07-16 23:30:49.190040,516.430072543867,
USER_00058,DOC_00425,2025-01-31 23:30:49.190312,137.30724790118674,1.0
USER_00081,DOC_00307,2024-08-17 23:30:49.190606,55.44887999062721,1.0
USER_00001,DOC_00185,2024-09-18 23:30:49.190985,544.2387917198821,4.0
USER_00081,DOC_00259,2024-04-07 23:30:49.191308,325.11999715066065,2.0
USER_00009,DOC_00350,2024-06-16 23:30:49.191559,169.99489356961,
USER_00044,DOC_00025,2025-02-15 23:30:49.191840,67.89013560130235,1.0
USER_00016,DOC_00293,2024-11-07 23:30:49.192103,465.5699778364042,
USER_00087,DOC_00359,2024-06-14 23:30:49.192401,109.1734453582554,1.0
USER_00094,DOC_00341,2024-07-12 23:30:49.192670,87.8385971947484,1.0
USER_00087,DOC_00399,2024-05-16 23:30:49.192841,206.3346221690163,2.0
USER_00023,DOC_00097,2024-10-30 23:30:49.193007,363.41745589762127,
USER_00028,DOC_00270,2025-01-28 23:30:49.193251,341.0211753190886,3.0
USER_00066,DOC_00482,2024-09-01 23:30:49.193458,315.9828686648471,
USER_00026,DOC_00189,2024-09-24 23:30:49.193692,458.8687604005048,3.0
USER_00063,DOC_00181,2024-12-08 23:30:49.193974,123.59265010850228,
USER_00001,DOC_00262,2024-08-23 23:30:49.194220,86.68255760509942,1.0
USER_00085,DOC_00274,2024-11-28 23:30:49.194405,275.11727687043225,
USER_00029,DOC_00025,2024-08-25 23:30:49.194590,431.2920550867198,3.0
USER_00049,DOC_00321,2024-10-07 23:30:49.194776,193.19662400419517,
USER_00081,DOC_00021,2024-05-23 23:30:49.194946,13.300551970303012,1.0
USER_00068,DOC_00364,2024-04-05 23:30:49.195113,516.2171814091416,
USER_00071,DOC_00201,2024-11-17 23:30:49.195336,309.6575836234538,
USER_00047,DOC_00134,2024-03-26 23:30:49.195606,567.1116533909343,4.0
USER_00043,DOC_00051,2024-06-23 23:30:49.195797,387.2605377041769,3.0
USER_00027,DOC_00399,2024-05-30 23:30:49.195990,573.9583914210955,5.0
USER_00034,DOC_00304,2024-07-13 23:30:49.196325,20.778109149709245,
USER_00005,DOC_00372,2024-03-25 23:30:49.196536,331.8819010589772,
USER_00023,DOC_00318,2024-12-22 23:30:49.196709,190.09964116926142,
USER_00057,DOC_00229,2024-09-29 23:30:49.196878,523.7781506176146,
USER_00064,DOC_00286,2024-10-30 23:30:49.197043,388.52647438340887,
USER_00100,DOC_00014,2025-03-13 23:30:49.197211,442.3336126499424,4.0
USER_00002,DOC_00474,2024-08-16 23:30:49.197377,598.3506596319007,
USER_00094,DOC_00424,2024-07-07 23:30:49.197542,230.34388790770598,
USER_00038,DOC_00063,2025-01-13 23:30:49.197711,321.1673494303344,3.0
USER_00023,DOC_00231,2024-09-22 23:30:49.197904,456.30283105684373,4.0
USER_00066,DOC_00205,2024-12-14 23:30:49.198095,346.1257329008918,3.0
USER_00061,DOC_00112,2024-09-22 23:30:49.198266,263.80966139932264,3.0
USER_00085,DOC_00269,2025-03-02 23:30:49.198433,181.38414730927676,2.0
USER_00039,DOC_00215,2024-12-08 23:30:49.198597,277.892640339634,
USER_00018,DOC_00494,2024-05-01 23:30:49.198766,505.0639842047422,
USER_00007,DOC_00197,2024-07-03 23:30:49.198940,469.25341246839486,4.0
USER_00074,DOC_00416,2025-01-20 23:30:49.199109,266.46733167151575,2.0
USER_00040,DOC_00499,2024-11-23 23:30:49.199270,542.7706402393828,
USER_00063,DOC_00392,2024-06-09 23:30:49.199433,179.88327142113488,
USER_00045,DOC_00378,2025-02-28 23:30:49.199599,542.384173292276,
USER_00040,DOC_00270,2024-12-25 23:30:49.199761,220.50979083641138,
USER_00061,DOC_00257,2024-11-03 23:30:49.199924,18.749795834707644,
USER_00033,DOC_00032,2024-06-12 23:30:49.200090,593.3185704560185,5.0
USER_00098,DOC_00405,2025-01-16 23:30:49.200253,381.5068645973335,
USER_00049,DOC_00357,2024-04-05 23:30:49.200419,286.0390150428616,2.0
USER_00015,DOC_00128,2024-09-19 23:30:49.200581,384.59939883411784,
USER_00041,DOC_00172,2025-03-15 23:30:49.200748,13.589153439825978,1.0
USER_00087,DOC_00161,2024-06-07 23:30:49.200916,153.86506882060485,1.0
USER_00091,DOC_00341,2024-11-07 23:30:49.201082,216.52295181771225,1.0
USER_00017,DOC_00149,2024-07-04 23:30:49.201249,184.52988402330223,2.0
USER_00026,DOC_00459,2024-06-28 23:30:49.201410,48.377115064912964,
USER_00044,DOC_00234,2025-01-07 23:30:49.201576,424.0213140459131,
USER_00052,DOC_00214,2024-10-26 23:30:49.201741,144.23382821404056,1.0
USER_00075,DOC_00380,2024-09-18 23:30:49.201909,531.4964201492519,4.0
USER_00091,DOC_00229,2024-03-31 23:30:49.202075,598.6927888138382,5.0
USER_00087,DOC_00181,2025-02-03 23:30:49.202237,68.07815391058456,
USER_00078,DOC_00440,2024-08-19 23:30:49.202404,515.4252793257242,4.0
USER_00081,DOC_00160,2024-05-03 23:30:49.202571,55.716620495789954,1.0
USER_00100,DOC_00090,2024-04-26 23:30:49.202739,255.48143897643521,2.0
USER_00032,DOC_00091,2025-01-31 23:30:49.202903,151.36980089664112,
USER_00020,DOC_00103,2024-12-10 23:30:49.203168,112.29967569638455,1.0
USER_00086,DOC_00466,2025-01-30 23:30:49.203447,413.4915443332994,3.0
USER_00034,DOC_00003,2024-04-06 23:30:49.203762,509.3457801211897,5.0
USER_00031,DOC_00066,2025-02-19 23:30:49.204081,36.82413005090624,1.0
USER_00068,DOC_00187,2024-07-27 23:30:49.204307,333.3908383392729,3.0
USER_00088,DOC_00177,2024-12-19 23:30:49.204556,271.8495171782477,2.0
USER_00063,DOC_00025,2024-09-07 23:30:49.204775,377.3303399719871,4.0
USER_00073,DOC_00325,2024-07-14 23:30:49.205129,420.2145518067721,
USER_00072,DOC_00223,2024-07-08 23:30:49.205517,323.972916141053,3.0
USER_00069,DOC_00457,2024-11-11 23:30:49.205754,467.0857573395116,
USER_00011,DOC_00125,2024-11-26 23:30:49.206092,504.2658681154807,
USER_00007,DOC_00360,2025-02-22 23:30:49.206468,580.7669618387855,
USER_00022,DOC_00409,2024-09-12 23:30:49.206788,329.17377848953544,
USER_00015,DOC_00346,2024-07-28 23:30:49.207023,321.92465367050363,
USER_00098,DOC_00244,2024-10-04 23:30:49.207187,274.88370811216015,
USER_00001,DOC_00406,2025-03-23 23:30:49.207353,494.473833983354,4.0
USER_00009,DOC_00256,2024-11-14 23:30:49.207512,165.9039227192053,
USER_00014,DOC_00294,2024-04-09 23:30:49.207677,246.1292663678986,2.0
USER_00075,DOC_00134,2024-04-07 23:30:49.207963,45.663684561309424,
USER_00075,DOC_00342,2025-03-09 23:30:49.208230,192.4686384873919,1.0
USER_00037,DOC_00155,2025-02-22 23:30:49.208502,38.805004735968296,1.0
USER_00096,DOC_00215,2024-04-06 23:30:49.208710,132.03621250470115,1.0
USER_00043,DOC_00427,2024-04-21 23:30:49.208913,24.23833942860662,1.0
USER_00003,DOC_00249,2024-05-05 23:30:49.209103,146.78864236448013,1.0
USER_00062,DOC_00138,2024-04-05 23:30:49.209293,438.69873249695223,4.0
USER_00100,DOC_00282,2025-01-10 23:30:49.209476,20.22232333586126,1.0
USER_00051,DOC_00369,2024-04-20 23:30:49.209659,262.7222487166267,3.0
USER_00045,DOC_00383,2024-10-24 23:30:49.209856,256.5714340505484,2.0
USER_00012,DOC_00116,2025-02-12 23:30:49.210055,121.72017433159239,1.0
USER_00054,DOC_00490,2025-02-28 23:30:49.210239,355.88081649763774,3.0
USER_00002,DOC_00483,2025-01-30 23:30:49.210424,180.45944632424894,2.0
USER_00046,DOC_00045,2025-02-17 23:30:49.210601,171.086989448757,1.0
USER_00082,DOC_00437,2025-02-16 23:30:49.210778,120.04149737739526,1.0
USER_00090,DOC_00223,2024-11-02 23:30:49.210977,216.61174938119817,1.0
USER_00008,DOC_00450,2024-06-05 23:30:49.211154,188.04974165040312,
USER_00062,DOC_00129,2024-08-24 23:30:49.211327,268.19322095562654,
USER_00054,DOC_00175,2024-10-25 23:30:49.211501,560.1192427265047,
USER_00050,DOC_00301,2024-05-26 23:30:49.211672,213.7979181043112,
USER_00075,DOC_00006,2024-12-15 23:30:49.211864,495.83597683184837,4.0
USER_00062,DOC_00363,2025-03-02 23:30:49.212042,593.5539346294858,5.0
USER_00068,DOC_00185,2024-11-21 23:30:49.212230,171.7625759317653,1.0
USER_00062,DOC_00156,2024-11-11 23:30:49.212410,368.70298888291586,3.0
USER_00010,DOC_00140,2025-01-14 23:30:49.212593,405.40942577261245,3.0
USER_00089,DOC_00250,2024-04-29 23:30:49.212769,574.9410644083995,
USER_00032,DOC_00070,2024-07-21 23:30:49.212949,263.43398287719856,2.0
USER_00027,DOC_00008,2024-04-16 23:30:49.213126,183.73381831628453,1.0
USER_00010,DOC_00370,2025-01-22 23:30:49.213317,380.6277366611095,3.0
USER_00036,DOC_00013,2024-06-03 23:30:49.213489,232.3680599622761,2.0
USER_00050,DOC_00038,2024-12-09 23:30:49.213659,54.34355354947006,1.0
USER_00090,DOC_00059,2025-01-28 23:30:49.213829,411.8712424527104,4.0
USER_00001,DOC_00392,2024-08-22 23:30:49.213996,336.65067861954856,
USER_00053,DOC_00314,2024-11-15 23:30:49.214160,268.05611307086394,
USER_00029,DOC_00343,2024-05-01 23:30:49.214328,372.28572811381247,3.0
USER_00057,DOC_00134,2024-04-30 23:30:49.214499,565.3428478648121,5.0
USER_00064,DOC_00165,2024-11-08 23:30:49.214676,105.3534758308755,1.0
USER_00040,DOC_00481,2025-01-02 23:30:49.214847,113.61862098401453,1.0
USER_00087,DOC_00493,2024-05-21 23:30:49.215011,560.9526299162964,
USER_00031,DOC_00007,2024-07-24 23:30:49.215174,310.31128828667556,
USER_00056,DOC_00073,2025-03-23 23:30:49.215342,300.1104183591425,2.0
USER_00094,DOC_00441,2024-09-15 23:30:49.215512,205.26811357148452,2.0
USER_00056,DOC_00067,2024-06-01 23:30:49.215681,233.7350246790243,2.0
USER_00081,DOC_00345,2024-12-14 23:30:49.215852,170.04846602507428,2.0
USER_00054,DOC_00345,2024-04-24 23:30:49.216016,289.1257774786311,
USER_00046,DOC_00294,2024-06-05 23:30:49.216181,322.45703955659087,
USER_00074,DOC_00263,2024-06-16 23:30:49.216346,41.25401456719949,
USER_00004,DOC_00413,2024-08-04 23:30:49.216514,76.92218178004649,1.0
USER_00063,DOC_00313,2024-10-17 23:30:49.216685,393.8451421212128,3.0
USER_00096,DOC_00289,2024-08-21 23:30:49.216855,361.5264441100821,3.0
USER_00055,DOC_00428,2024-08-09 23:30:49.217022,594.2403516115178,5.0
USER_00052,DOC_00093,2024-05-06 23:30:49.217189,229.13597807600695,2.0
USER_00049,DOC_00456,2024-12-19 23:30:49.217419,346.1970316259589,3.0
USER_00063,DOC_00107,2025-01-12 23:30:49.217591,56.03880368577463,
USER_00024,DOC_00457,2024-11-01 23:30:49.217765,406.26932365841765,3.0
USER_00035,DOC_00036,2024-07-31 23:30:49.217930,390.969103399926,
USER_00004,DOC_00192,2024-12-15 23:30:49.218099,460.7674491427752,3.0
USER_00074,DOC_00122,2025-01-16 23:30:49.218267,378.5923826184125,
USER_00090,DOC_00015,2024-04-14 23:30:49.218436,299.7300902956113,2.0
USER_00069,DOC_00152,2024-04-04 23:30:49.218606,193.89312153911717,1.0
USER_00027,DOC_00084,2024-11-08 23:30:49.218844,203.49024530967682,2.0
USER_00022,DOC_00106,2024-11-18 23:30:49.219028,529.0808538140325,
USER_00016,DOC_00079,2025-01-01 23:30:49.219206,17.30910992321594,1.0
USER_00025,DOC_00264,2024-08-12 23:30:49.219381,581.9162725076969,5.0
USER_00072,DOC_00068,2024-07-13 23:30:49.219556,170.8306289641914,2.0
USER_00053,DOC_00221,2024-04-20 23:30:49.219721,371.6566315377226,
USER_00054,DOC_00428,2024-07-19 23:30:49.219895,115.15830972890014,1.0
USER_00098,DOC_00423,2025-02-28 23:30:49.220103,128.00959414683763,
USER_00069,DOC_00471,2024-10-15 23:30:49.220285,211.30922271137055,2.0
USER_00059,DOC_00220,2024-11-05 23:30:49.220456,13.341170310220061,1.0
USER_00097,DOC_00147,2024-09-25 23:30:49.220628,159.08098036621593,1.0
USER_00002,DOC_00467,2024-08-18 23:30:49.220879,295.1167294863285,
USER_00094,DOC_00331,2024-09-05 23:30:49.221287,209.02442335101472,1.0
USER_00015,DOC_00226,2024-08-17 23:30:49.221633,500.0441618175263,4.0
USER_00021,DOC_00261,2024-04-22 23:30:49.222041,243.9991916072634,2.0
USER_00095,DOC_00474,2024-04-05 23:30:49.222361,47.71466687324388,
USER_00021,DOC_00336,2024-11-23 23:30:49.222574,18.687096198185582,
USER_00015,DOC_00262,2024-05-07 23:30:49.222754,335.3792742572887,2.0
USER_00028,DOC_00356,2024-05-23 23:30:49.222931,575.5246022515374,5.0
USER_00025,DOC_00074,2024-09-16 23:30:49.223098,524.0510154942629,
USER_00012,DOC_00239,2025-02-04 23:30:49.223271,444.88173739756786,3.0
USER_00061,DOC_00209,2025-02-16 23:30:49.223444,321.5544689163535,2.0
USER_00079,DOC_00252,2025-02-13 23:30:49.223616,120.25460649803873,1.0
USER_00069,DOC_00180,2025-02-16 23:30:49.223788,396.40736351556023,
USER_00063,DOC_00332,2024-07-27 23:30:49.223981,94.24306158234315,1.0
USER_00097,DOC_00049,2025-03-19 23:30:49.224176,417.41774928818364,4.0
USER_00089,DOC_00024,2024-10-10 23:30:49.224353,284.9203814298207,3.0
USER_00097,DOC_00215,2024-11-30 23:30:49.224534,167.73338017372348,2.0
USER_00021,DOC_00148,2024-08-04 23:30:49.224728,260.3746353219947,2.0
USER_00062,DOC_00390,2024-06-28 23:30:49.224923,166.48422227338654,1.0
USER_00081,DOC_00415,2024-06-29 23:30:49.225187,81.47175857085188,1.0
USER_00056,DOC_00178,2024-12-06 23:30:49.225375,282.0188906591129,
USER_00061,DOC_00178,2024-11-01 23:30:49.225565,187.31078677071264,1.0
USER_00062,DOC_00242,2024-12-23 23:30:49.225731,523.9715085956715,
USER_00005,DOC_00123,2024-11-26 23:30:49.225894,594.1647724036011,
USER_00071,DOC_00198,2024-04-26 23:30:49.226060,360.9179667265926,3.0
USER_00084,DOC_00087,2024-06-23 23:30:49.226231,426.246569791251,3.0
USER_00041,DOC_00147,2024-09-23 23:30:49.226398,332.1671832812883,3.0
USER_00064,DOC_00456,2025-03-02 23:30:49.226562,62.104505518960906,
USER_00018,DOC_00080,2025-01-28 23:30:49.226730,19.272783981379803,1.0
USER_00066,DOC_00227,2024-05-16 23:30:49.226903,505.6050143651593,4.0
USER_00084,DOC_00190,2024-05-22 23:30:49.227073,208.18916861294682,1.0
USER_00025,DOC_00340,2024-12-03 23:30:49.227239,379.7088059770832,
USER_00043,DOC_00491,2024-07-09 23:30:49.227408,193.49609970866345,2.0
USER_00054,DOC_00016,2024-05-27 23:30:49.227576,589.6647641260531,5.0
USER_00051,DOC_00426,2024-07-18 23:30:49.227746,199.59786043098296,
USER_00053,DOC_00191,2025-02-02 23:30:49.227995,477.77827496390194,4.0
USER_00085,DOC_00183,2024-05-11 23:30:49.228214,383.6489625752161,
USER_00078,DOC_00339,2024-10-03 23:30:49.228385,538.7739638117839,5.0
USER_00031,DOC_00119,2024-09-09 23:30:49.228556,10.710132206320566,1.0
USER_00069,DOC_00041,2024-08-08 23:30:49.228873,206.51324467123553,2.0
USER_00085,DOC_00173,2024-04-23 23:30:49.229086,400.44144128916355,
USER_00084,DOC_00084,2024-06-09 23:30:49.229291,534.6436902614188,5.0
USER_00006,DOC_00350,2024-09-08 23:30:49.229490,254.93525728228974,
USER_00025,DOC_00141,2024-04-30 23:30:49.229682,389.3294128148484,
USER_00060,DOC_00201,2025-02-26 23:30:49.229879,319.9616733994262,3.0
USER_00054,DOC_00170,2024-04-08 23:30:49.230089,412.94900702632543,4.0
USER_00083,DOC_00290,2024-10-19 23:30:49.230263,235.67602110458327,2.0
USER_00014,DOC_00308,2024-08-30 23:30:49.230458,540.9289171369797,5.0
USER_00014,DOC_00185,2024-06-09 23:30:49.230652,333.10208431430476,3.0
USER_00095,DOC_00157,2024-06-22 23:30:49.230849,213.48461276217816,2.0
USER_00026,DOC_00053,2024-08-12 23:30:49.231043,104.60333990404774,1.0
USER_00052,DOC_00182,2024-11-24 23:30:49.231232,137.72943468700925,1.0
USER_00003,DOC_00408,2024-10-16 23:30:49.231420,403.5210682670321,3.0
USER_00063,DOC_00154,2025-02-04 23:30:49.231588,379.0782994362685,3.0
USER_00080,DOC_00375,2025-03-21 23:30:49.231759,482.9780800567577,4.0
USER_00004,DOC_00356,2024-12-17 23:30:49.231930,84.66824236660057,1.0
USER_00020,DOC_00142,2024-12-20 23:30:49.232098,468.6267325680636,4.0
USER_00008,DOC_00086,2024-07-21 23:30:49.232263,174.4373339162181,
USER_00065,DOC_00500,2024-07-02 23:30:49.232434,350.0995165992447,
USER_00020,DOC_00184,2025-01-10 23:30:49.232593,129.00568885800067,1.0
USER_00022,DOC_00001,2024-03-26 23:30:49.232758,363.5820335098834,3.0
USER_00096,DOC_00397,2024-08-13 23:30:49.232920,174.30464906524557,1.0
USER_00025,DOC_00221,2024-04-29 23:30:49.233077,177.74861531719196,
USER_00042,DOC_00042,2024-05-11 23:30:49.233231,410.2268713784618,
USER_00014,DOC_00113,2024-05-08 23:30:49.233390,152.1662007459555,1.0
USER_00026,DOC_00160,2024-05-20 23:30:49.233548,51.01770874938532,1.0
USER_00095,DOC_00146,2024-08-13 23:30:49.233721,147.8116590419011,
USER_00010,DOC_00239,2024-11-19 23:30:49.233888,478.3224161475548,4.0
USER_00096,DOC_00491,2025-02-23 23:30:49.234054,273.0512841772434,3.0
USER_00081,DOC_00031,2024-04-01 23:30:49.234223,52.366451812826824,1.0
USER_00004,DOC_00254,2024-07-19 23:30:49.234385,399.2898589699553,
USER_00072,DOC_00405,2025-01-12 23:30:49.234552,108.55369653581084,1.0
USER_00015,DOC_00493,2024-11-21 23:30:49.234720,158.94403656981714,2.0
USER_00022,DOC_00155,2024-08-16 23:30:49.234886,412.8265855927767,4.0
USER_00009,DOC_00034,2025-01-11 23:30:49.235055,79.85693464348665,1.0
USER_00058,DOC_00220,2024-11-08 23:30:49.235223,90.80942304748395,1.0
USER_00033,DOC_00074,2025-02-09 23:30:49.235390,129.1905240202115,
USER_00050,DOC_00003,2025-01-13 23:30:49.235563,480.3828251323834,4.0
USER_00047,DOC_00142,2024-07-21 23:30:49.235730,387.8422757276552,3.0
USER_00081,DOC_00251,2024-04-12 23:30:49.235894,52.66323911594696,
USER_00076,DOC_00025,2024-03-28 23:30:49.236068,371.67823702066335,3.0
USER_00057,DOC_00031,2024-09-27 23:30:49.236230,556.4514636492755,
USER_00017,DOC_00444,2024-12-09 23:30:49.236395,203.08336765002403,2.0
USER_00019,DOC_00322,2024-09-08 23:30:49.236636,286.155909049324,2.0
USER_00027,DOC_00344,2024-10-30 23:30:49.236848,27.581860600454124,1.0
USER_00042,DOC_00350,2024-04-23 23:30:49.237099,63.87223777111485,
USER_00095,DOC_00217,2024-08-08 23:30:49.237291,90.87008609886436,1.0
USER_00017,DOC_00437,2024-08-10 23:30:49.237467,230.25608975590518,
USER_00001,DOC_00285,2024-08-12 23:30:49.237643,440.8152070353174,4.0
USER_00052,DOC_00344,2024-11-17 23:30:49.237817,585.0670530669533,5.0
USER_00098,DOC_00427,2024-10-09 23:30:49.237989,433.4449834085088,3.0
USER_00054,DOC_00363,2024-10-17 23:30:49.238161,124.24372097432612,1.0
USER_00023,DOC_00213,2024-10-24 23:30:49.238341,95.5885828378499,1.0
USER_00068,DOC_00405,2025-02-01 23:30:49.238506,330.1937358814206,
USER_00063,DOC_00270,2025-02-03 23:30:49.238678,263.7697814285375,2.0
USER_00006,DOC_00117,2024-11-15 23:30:49.238848,364.39368794630735,3.0
USER_00013,DOC_00171,2024-12-17 23:30:49.239023,235.20879326518957,2.0
USER_00017,DOC_00173,2024-08-21 23:30:49.239246,449.09078695749145,
USER_00088,DOC_00029,2024-12-10 23:30:49.239439,200.96104081112216,2.0
USER_00045,DOC_00114,2024-09-10 23:30:49.239617,69.34553739200808,1.0
USER_00036,DOC_00375,2025-02-03 23:30:49.239786,477.42791309677074,
USER_00006,DOC_00379,2024-12-04 23:30:49.239960,254.32435845315763,2.0
USER_00084,DOC_00300,2024-05-22 23:30:49.240130,560.6226138727038,5.0
USER_00052,DOC_00070,2024-11-26 23:30:49.240323,364.26885549233566,3.0
USER_00095,DOC_00256,2024-06-23 23:30:49.240507,187.34876244074184,2.0
USER_00027,DOC_00179,2025-01-10 23:30:49.240684,280.4712656865002,2.0
USER_00068,DOC_00399,2024-05-19 23:30:49.240856,473.91516220077204,4.0
USER_00031,DOC_00274,2025-03-17 23:30:49.241029,327.1873669685837,3.0
USER_00092,DOC_00113,2024-06-26 23:30:49.241207,321.23356673424144,2.0
USER_00071,DOC_00427,2025-01-22 23:30:49.241387,79.19034403680726,1.0
USER_00061,DOC_00309,2024-11-08 23:30:49.241560,470.85893926331823,4.0
USER_00021,DOC_00477,2025-02-25 23:30:49.241730,115.43661135023922,1.0
USER_00073,DOC_00441,2024-06-10 23:30:49.241909,228.9927312065767,2.0
USER_00065,DOC_00212,2025-03-20 23:30:49.242081,403.12014064569246,3.0
USER_00072,DOC_00098,2024-09-04 23:30:49.242248,521.2988550682037,
USER_00002,DOC_00273,2024-12-26 23:30:49.242417,59.531480284872465,1.0
USER_00062,DOC_00019,2024-08-06 23:30:49.242586,68.93292761858797,1.0
USER_00092,DOC_00123,2024-08-29 23:30:49.242758,73.08610544387443,1.0
USER_00052,DOC_00394,2024-09-03 23:30:49.242929,209.73569544341032,2.0
USER_00009,DOC_00300,2024-08-02 23:30:49.243095,177.24595592749367,
USER_00090,DOC_00320,2024-11-07 23:30:49.243263,404.9873023119735,3.0
USER_00010,DOC_00496,2024-08-17 23:30:49.243428,78.76131989919323,
USER_00060,DOC_00479,2024-05-25 23:30:49.243595,371.71266283080183,3.0
USER_00045,DOC_00133,2025-03-01 23:30:49.243770,261.57003791396085,
USER_00044,DOC_00308,2024-05-20 23:30:49.243936,246.23237408635484,2.0
USER_00024,DOC_00145,2024-08-13 23:30:49.244093,276.7403014009454,
USER_00028,DOC_00178,2024-08-16 23:30:49.244253,53.583546565405896,1.0
USER_00057,DOC_00047,2024-07-31 23:30:49.244416,480.2753158720263,4.0
USER_00051,DOC_00309,2024-08-31 23:30:49.244579,420.3476172491617,3.0
USER_00100,DOC_00070,2024-07-16 23:30:49.244780,511.1591389783851,4.0
USER_00007,DOC_00090,2024-05-20 23:30:49.244938,80.76470847594612,
USER_00079,DOC_00112,2024-05-26 23:30:49.245098,586.1604327432926,5.0
USER_00002,DOC_00119,2024-12-03 23:30:49.245261,357.7347534254125,3.0
USER_00049,DOC_00257,2024-08-16 23:30:49.245421,77.02539798964797,
USER_00085,DOC_00173,2024-07-07 23:30:49.245582,434.8461148000213,4.0
USER_00003,DOC_00113,2024-05-18 23:30:49.245743,439.4349621495866,4.0
USER_00025,DOC_00271,2024-05-15 23:30:49.245901,545.7979133707721,
USER_00079,DOC_00180,2024-04-11 23:30:49.246060,24.547072867066802,
USER_00014,DOC_00099,2025-03-05 23:30:49.246219,553.1269611140364,
USER_00024,DOC_00490,2024-03-30 23:30:49.246384,521.8951310515881,4.0
USER_00080,DOC_00242,2024-07-17 23:30:49.246551,475.9043930404966,
USER_00062,DOC_00442,2024-08-02 23:30:49.246749,527.3314870783595,
USER_00048,DOC_00392,2024-06-11 23:30:49.246912,443.758526695281,4.0
USER_00013,DOC_00236,2024-05-24 23:30:49.247073,575.8141811910164,5.0
USER_00086,DOC_00063,2024-10-29 23:30:49.247235,155.44463140173187,2.0
USER_00020,DOC_00210,2024-04-15 23:30:49.247395,152.83838482254296,1.0
USER_00065,DOC_00055,2024-11-07 23:30:49.247557,189.9114362416199,2.0
USER_00095,DOC_00455,2025-02-19 23:30:49.247717,407.62722495308384,3.0
USER_00004,DOC_00087,2025-02-22 23:30:49.247873,330.53961067095753,
USER_00008,DOC_00232,2024-10-05 23:30:49.248032,261.3404781964216,2.0
USER_00046,DOC_00437,2025-02-26 23:30:49.248193,557.3065965221869,5.0
USER_00083,DOC_00492,2024-06-20 23:30:49.248354,425.9618205725989,3.0
USER_00041,DOC_00374,2024-08-03 23:30:49.248516,479.9636468874341,4.0
USER_00090,DOC_00405,2025-02-24 23:30:49.248678,364.81196475146464,3.0
USER_00008,DOC_00413,2024-08-08 23:30:49.248839,168.56069772096328,2.0
USER_00031,DOC_00303,2024-05-20 23:30:49.248998,492.01138578017697,4.0
USER_00007,DOC_00204,2024-07-13 23:30:49.249163,122.8546028591695,
USER_00015,DOC_00334,2024-12-21 23:30:49.249323,144.0428393775075,1.0
USER_00054,DOC_00390,2024-08-31 23:30:49.249485,246.7820119253221,2.0
USER_00091,DOC_00444,2024-10-07 23:30:49.249644,487.7810143305212,4.0
USER_00024,DOC_00413,2024-08-29 23:30:49.249804,282.37891664923507,2.0
USER_00049,DOC_00032,2024-12-12 23:30:49.249959,343.68057314024406,
USER_00035,DOC_00307,2024-04-09 23:30:49.250119,582.0241995056618,5.0
USER_00003,DOC_00238,2024-09-04 23:30:49.250280,267.5045553056366,2.0
USER_00014,DOC_00100,2024-05-01 23:30:49.250440,396.33866701791106,4.0
USER_00042,DOC_00355,2024-08-05 23:30:49.250602,49.18567864404661,1.0
USER_00052,DOC_00146,2025-03-03 23:30:49.250763,521.4042630289571,5.0
USER_00064,DOC_00218,2024-08-11 23:30:49.250923,348.60944227829486,3.0
USER_00068,DOC_00454,2024-12-07 23:30:49.251080,218.4879811296331,
USER_00072,DOC_00103,2024-10-20 23:30:49.251240,288.79307483343143,3.0
USER_00079,DOC_00436,2024-12-27 23:30:49.251397,438.77693348529857,
USER_00048,DOC_00241,2024-10-03 23:30:49.251553,555.4964296151729,
USER_00017,DOC_00223,2024-07-19 23:30:49.251721,58.92133722054879,1.0
USER_00006,DOC_00052,2024-09-21 23:30:49.251881,389.24178661970535,
USER_00007,DOC_00051,2024-09-19 23:30:49.252184,68.4432961874329,1.0
USER_00031,DOC_00450,2024-09-02 23:30:49.252365,341.3631946377841,3.0
USER_00013,DOC_00115,2024-10-18 23:30:49.252525,438.25331975965304,
USER_00056,DOC_00310,2025-02-08 23:30:49.252686,456.9145715966702,4.0
USER_00078,DOC_00038,2024-07-30 23:30:49.252849,217.2542397461736,2.0
USER_00005,DOC_00221,2024-11-02 23:30:49.253012,49.59399230054746,1.0
USER_00047,DOC_00398,2024-10-03 23:30:49.253173,504.1620134590311,4.0
USER_00070,DOC_00065,2024-08-10 23:30:49.253330,511.48570259466135,
USER_00081,DOC_00131,2024-07-23 23:30:49.253507,448.1347797042281,4.0
USER_00038,DOC_00191,2025-01-31 23:30:49.253684,496.7137030922645,5.0
USER_00030,DOC_00363,2024-12-24 23:30:49.253841,97.4980235365708,
USER_00027,DOC_00089,2024-07-25 23:30:49.254001,508.2095860835947,4.0
USER_00034,DOC_00180,2024-06-26 23:30:49.254157,127.46687250134114,
USER_00017,DOC_00272,2024-11-06 23:30:49.254321,261.872231520474,
USER_00010,DOC_00201,2024-09-10 23:30:49.254482,268.86971018446155,2.0
USER_00042,DOC_00396,2024-05-19 23:30:49.254638,193.61116200370168,
USER_00098,DOC_00298,2024-10-07 23:30:49.254798,498.1929842279718,4.0
USER_00088,DOC_00497,2024-09-28 23:30:49.254957,170.43842709991748,2.0
USER_00073,DOC_00189,2024-03-29 23:30:49.255117,69.19532139512053,1.0
USER_00005,DOC_00123,2024-07-21 23:30:49.255526,267.398628058182,2.0
USER_00091,DOC_00391,2025-01-01 23:30:49.255793,440.012146802159,4.0
USER_00038,DOC_00310,2024-07-02 23:30:49.256189,166.79036195013023,1.0
USER_00008,DOC_00110,2025-02-21 23:30:49.256572,202.02670331920737,2.0
USER_00003,DOC_00099,2024-11-04 23:30:49.256857,22.64952130763682,
USER_00046,DOC_00286,2024-05-25 23:30:49.257180,265.1056283642105,3.0
USER_00088,DOC_00063,2024-11-20 23:30:49.257494,430.1909093679005,4.0
USER_00013,DOC_00382,2024-11-23 23:30:49.257752,513.869162968721,
USER_00090,DOC_00212,2024-05-24 23:30:49.258057,148.84207506625228,2.0
USER_00013,DOC_00280,2024-07-25 23:30:49.258355,343.25861030811944,
USER_00051,DOC_00232,2024-05-17 23:30:49.258785,496.0482079094071,4.0
USER_00080,DOC_00042,2024-12-28 23:30:49.259106,64.7786010530661,1.0
USER_00061,DOC_00112,2024-08-15 23:30:49.259300,373.3176057398174,3.0
USER_00043,DOC_00318,2024-12-02 23:30:49.259496,312.5066886333958,3.0
USER_00085,DOC_00004,2024-11-07 23:30:49.259681,144.34863474260624,1.0
USER_00057,DOC_00045,2024-12-25 23:30:49.259871,441.93797092266766,3.0
USER_00090,DOC_00442,2025-02-11 23:30:49.260057,398.8866484476648,3.0
USER_00099,DOC_00306,2024-10-28 23:30:49.260237,501.0344446967638,4.0
USER_00017,DOC_00193,2024-05-16 23:30:49.260414,255.83534909175856,
USER_00093,DOC_00297,2024-08-06 23:30:49.260649,241.72260828783885,2.0
USER_00040,DOC_00297,2024-03-29 23:30:49.260865,487.8242552343834,
USER_00067,DOC_00269,2024-04-20 23:30:49.261052,328.56945406061675,3.0
USER_00078,DOC_00158,2024-05-19 23:30:49.261222,273.7663177690859,
USER_00052,DOC_00337,2024-07-06 23:30:49.261387,22.00109032988458,
USER_00007,DOC_00274,2024-04-01 23:30:49.261557,524.8556457378068,4.0
USER_00045,DOC_00028,2025-02-28 23:30:49.261727,525.1640219217487,5.0
USER_00048,DOC_00429,2024-03-28 23:30:49.261902,357.2068365895054,3.0
USER_00018,DOC_00177,2024-09-11 23:30:49.262072,280.1665501091821,3.0
USER_00070,DOC_00349,2025-01-19 23:30:49.262245,564.8734761088549,5.0
USER_00074,DOC_00358,2024-05-08 23:30:49.262416,301.507623740431,3.0
USER_00066,DOC_00290,2024-11-04 23:30:49.262586,225.93227159165616,2.0
USER_00076,DOC_00019,2024-08-04 23:30:49.262750,335.08365425277174,
USER_00039,DOC_00425,2025-03-09 23:30:49.262914,14.27893252893524,
USER_00028,DOC_00388,2024-12-16 23:30:49.263083,415.2577601936089,4.0
USER_00047,DOC_00337,2024-06-15 23:30:49.263252,530.8589613317487,5.0
USER_00036,DOC_00453,2024-07-18 23:30:49.263420,422.8637356540486,3.0
USER_00069,DOC_00474,2024-05-03 23:30:49.263589,291.33725431012124,2.0
USER_00066,DOC_00315,2024-07-01 23:30:49.263751,417.09480584904065,
USER_00013,DOC_00236,2024-08-04 23:30:49.263920,466.8951368401808,4.0
USER_00089,DOC_00463,2024-04-05 23:30:49.264087,181.6919844061661,1.0
USER_00045,DOC_00091,2024-10-02 23:30:49.264255,300.07158256576975,3.0
USER_00035,DOC_00210,2024-09-07 23:30:49.264417,451.1700343502505,
USER_00062,DOC_00032,2024-11-01 23:30:49.264590,457.5961745090899,4.0
USER_00026,DOC_00437,2024-10-15 23:30:49.264765,392.0737011198772,3.0
USER_00077,DOC_00207,2024-11-05 23:30:49.264931,48.69861015213592,
USER_00032,DOC_00232,2024-05-03 23:30:49.265100,594.4334755264734,5.0
USER_00099,DOC_00239,2024-08-10 23:30:49.265271,454.19297225710665,4.0
USER_00012,DOC_00144,2024-04-27 23:30:49.265439,40.67612453266718,1.0
USER_00077,DOC_00415,2024-11-27 23:30:49.265606,157.8212103200789,1.0
USER_00025,DOC_00156,2025-01-11 23:30:49.265775,414.69824021784956,4.0
USER_00095,DOC_00304,2025-01-16 23:30:49.265938,589.712878345402,
USER_00048,DOC_00321,2024-07-21 23:30:49.266106,594.9895360843162,5.0
USER_00064,DOC_00467,2024-05-31 23:30:49.266275,567.2906184576171,5.0
USER_00007,DOC_00393,2025-03-03 23:30:49.266449,29.95455966719636,1.0
USER_00015,DOC_00128,2024-05-04 23:30:49.266610,424.64867229262137,4.0
USER_00032,DOC_00194,2025-01-23 23:30:49.266770,337.03417479016645,3.0
USER_00039,DOC_00044,2024-12-23 23:30:49.266925,127.25463168339249,
USER_00045,DOC_00212,2024-12-16 23:30:49.267082,441.02015258298167,4.0
USER_00072,DOC_00019,2024-05-04 23:30:49.267241,580.0896872716529,
USER_00095,DOC_00080,2024-12-14 23:30:49.267398,153.58813090976187,2.0
USER_00100,DOC_00403,2025-02-27 23:30:49.267558,45.18735493097519,1.0
USER_00100,DOC_00089,2025-01-02 23:30:49.267717,242.26894849452262,2.0
USER_00018,DOC_00107,2024-05-22 23:30:49.267872,481.9687586650803,
USER_00006,DOC_00306,2024-09-20 23:30:49.268028,41.72837414650069,
USER_00030,DOC_00442,2025-03-05 23:30:49.268186,410.3381540864817,3.0
USER_00046,DOC_00451,2024-08-11 23:30:49.268346,215.36488596161104,2.0
USER_00079,DOC_00150,2024-10-19 23:30:49.268511,483.728606410823,4.0
USER_00028,DOC_00376,2024-11-27 23:30:49.268671,244.18991012637846,2.0
USER_00026,DOC_00364,2024-09-21 23:30:49.268831,248.74669656375326,2.0
USER_00064,DOC_00148,2024-06-14 23:30:49.268989,564.4927305859866,5.0
USER_00051,DOC_00075,2024-06-01 23:30:49.269150,395.6017109552347,3.0
USER_00067,DOC_00130,2024-12-04 23:30:49.269309,581.5111187565752,4.0
USER_00098,DOC_00468,2024-06-07 23:30:49.269467,462.35988790822336,3.0
USER_00041,DOC_00169,2024-05-05 23:30:49.269627,104.18929201095797,1.0
USER_00062,DOC_00396,2024-10-06 23:30:49.269787,553.0300005850218,
USER_00020,DOC_00118,2025-03-14 23:30:49.269952,413.21551805328846,3.0
USER_00051,DOC_00349,2024-04-21 23:30:49.270111,120.15240107753192,1.0
USER_00083,DOC_00191,2024-06-20 23:30:49.270268,448.67039976487524,
USER_00003,DOC_00382,2025-02-07 23:30:49.270427,144.76688953084215,1.0
USER_00059,DOC_00434,2024-08-24 23:30:49.270586,88.79937685945528,1.0
USER_00049,DOC_00021,2024-11-21 23:30:49.270745,20.493233344865224,1.0
USER_00064,DOC_00100,2024-08-18 23:30:49.270906,365.271040614608,3.0
USER_00088,DOC_00280,2024-11-08 23:30:49.271060,38.519953465074835,
USER_00054,DOC_00265,2024-09-09 23:30:49.271292,81.02594921702564,1.0
USER_00084,DOC_00447,2024-11-05 23:30:49.271450,425.96015531805836,3.0
USER_00029,DOC_00493,2024-06-07 23:30:49.271610,290.63408082646566,2.0
USER_00060,DOC_00252,2025-02-03 23:30:49.271769,219.63659595195926,2.0
USER_00078,DOC_00472,2024-09-29 23:30:49.271928,275.19435945940256,2.0
USER_00073,DOC_00472,2024-05-24 23:30:49.272089,583.5088892176715,5.0
USER_00023,DOC_00283,2024-05-04 23:30:49.272251,513.1723981794316,4.0
USER_00078,DOC_00234,2024-04-29 23:30:49.272448,288.0296455020721,
USER_00008,DOC_00053,2024-10-03 23:30:49.272645,106.78356877508368,1.0
USER_00086,DOC_00046,2024-11-29 23:30:49.272837,85.84211498666119,1.0
USER_00026,DOC_00130,2024-10-28 23:30:49.272991,565.3195219599379,
USER_00039,DOC_00466,2024-12-26 23:30:49.273150,187.7454047334839,1.0
USER_00029,DOC_00112,2025-01-26 23:30:49.273304,181.6654740055974,
USER_00001,DOC_00156,2024-04-24 23:30:49.273459,224.49821338192697,
USER_00098,DOC_00187,2024-07-06 23:30:49.273615,302.6021423835439,
USER_00031,DOC_00293,2024-09-08 23:30:49.273778,86.19047839913725,
USER_00092,DOC_00225,2024-11-14 23:30:49.273929,263.81959091610224,2.0
USER_00079,DOC_00343,2024-05-13 23:30:49.274081,587.7427336314004,5.0
USER_00047,DOC_00372,2024-09-13 23:30:49.274232,193.51673865327027,1.0
USER_00008,DOC_00251,2025-01-25 23:30:49.274383,474.3634258543161,4.0
USER_00049,DOC_00288,2024-08-23 23:30:49.274536,518.5909970162933,4.0
USER_00046,DOC_00480,2024-11-18 23:30:49.274687,594.3747819163301,
USER_00046,DOC_00462,2024-05-26 23:30:49.274834,68.80035199770992,
USER_00051,DOC_00190,2024-05-27 23:30:49.274986,475.5536499001992,
USER_00068,DOC_00203,2024-06-18 23:30:49.275144,498.44352390864253,5.0
USER_00061,DOC_00479,2024-10-09 23:30:49.275296,397.5251608433839,3.0
USER_00052,DOC_00428,2024-04-06 23:30:49.275445,410.27173353515474,
USER_00082,DOC_00098,2024-07-25 23:30:49.275596,173.3719969471532,1.0
USER_00042,DOC_00095,2024-10-08 23:30:49.275749,573.3551337091702,4.0
USER_00015,DOC_00125,2024-08-10 23:30:49.275897,466.9574227496428,
USER_00017,DOC_00345,2024-06-01 23:30:49.276048,476.4493559037436,4.0
USER_00030,DOC_00325,2024-09-27 23:30:49.276201,427.699000034654,4.0
USER_00003,DOC_00140,2024-09-05 23:30:49.276353,151.7561586111845,1.0
USER_00032,DOC_00212,2024-08-02 23:30:49.276504,476.4891203669104,4.0
USER_00024,DOC_00182,2024-12-11 23:30:49.276651,185.24193499838165,
USER_00033,DOC_00497,2024-05-13 23:30:49.276803,428.38306608098515,4.0
USER_00010,DOC_00223,2024-12-02 23:30:49.276954,159.17193206744514,2.0
USER_00015,DOC_00412,2024-11-30 23:30:49.277106,127.68061287165403,1.0
USER_00066,DOC_00290,2024-06-29 23:30:49.277281,537.853898345268,5.0
USER_00009,DOC_00250,2024-10-09 23:30:49.277449,534.9571108341607,4.0
USER_00042,DOC_00380,2024-04-08 23:30:49.277600,485.40066120037415,4.0
USER_00016,DOC_00287,2024-07-30 23:30:49.277752,160.00891754258086,1.0
USER_00018,DOC_00303,2024-10-31 23:30:49.277903,507.0440195765477,4.0
USER_00092,DOC_00149,2024-08-09 23:30:49.278058,363.4041534723056,3.0
USER_00028,DOC_00439,2024-08-21 23:30:49.278206,14.368040600485887,
USER_00060,DOC_00169,2024-06-14 23:30:49.278357,595.813059630566,5.0
USER_00089,DOC_00416,2024-05-12 23:30:49.278581,283.4958117485846,
USER_00076,DOC_00227,2025-01-12 23:30:49.278731,588.4309964228091,4.0
USER_00069,DOC_00058,2024-05-01 23:30:49.278884,83.75807716832776,1.0
USER_00037,DOC_00215,2025-02-11 23:30:49.279037,128.43952001002245,1.0
USER_00097,DOC_00404,2024-05-10 23:30:49.279186,52.64048723058979,
USER_00100,DOC_00475,2024-08-15 23:30:49.279334,490.433766415056,
USER_00010,DOC_00120,2025-01-25 23:30:49.279485,159.78775350033627,1.0
USER_00059,DOC_00460,2024-08-31 23:30:49.279677,36.163085411780145,1.0
USER_00001,DOC_00246,2025-03-23 23:30:49.279853,530.5053229722149,4.0
USER_00011,DOC_00314,2024-07-24 23:30:49.280014,165.7403746739996,1.0
USER_00044,DOC_00006,2024-09-23 23:30:49.280202,396.20503211296153,3.0
USER_00017,DOC_00422,2024-08-15 23:30:49.280377,32.76585847682527,1.0
USER_00062,DOC_00347,2024-08-28 23:30:49.280533,437.3020642199134,
USER_00033,DOC_00003,2025-02-05 23:30:49.280691,362.0759290401457,3.0
USER_00044,DOC_00221,2024-12-24 23:30:49.280880,490.0404493315583,4.0
USER_00067,DOC_00258,2025-01-18 23:30:49.281068,314.6339462800984,2.0
USER_00062,DOC_00091,2024-08-09 23:30:49.281257,92.1260019159625,1.0
USER_00069,DOC_00422,2024-08-23 23:30:49.281441,484.7562545347795,
USER_00053,DOC_00112,2024-11-01 23:30:49.281629,135.67771957921985,1.0
USER_00010,DOC_00486,2024-06-13 23:30:49.281818,119.11774895492188,1.0
USER_00031,DOC_00326,2024-05-06 23:30:49.282009,24.182747984456427,1.0
USER_00038,DOC_00169,2024-12-25 23:30:49.282232,373.612156250132,3.0
USER_00100,DOC_00144,2024-08-07 23:30:49.282424,551.1607116338852,
USER_00091,DOC_00354,2025-01-05 23:30:49.282595,65.16049333455396,1.0
USER_00013,DOC_00288,2025-01-03 23:30:49.282872,575.7907342327753,4.0
USER_00031,DOC_00307,2024-09-05 23:30:49.283112,61.17853084777802,1.0
USER_00033,DOC_00126,2025-02-10 23:30:49.283307,57.06042101613193,1.0
USER_00023,DOC_00459,2024-12-10 23:30:49.283470,350.6655676085237,
USER_00052,DOC_00012,2024-07-05 23:30:49.283635,273.16202332384205,2.0
USER_00091,DOC_00197,2024-10-29 23:30:49.283801,317.04117116273324,3.0
USER_00026,DOC_00234,2024-12-19 23:30:49.283965,363.8149253945551,3.0
USER_00074,DOC_00499,2024-06-07 23:30:49.284129,507.20428288828646,4.0
USER_00087,DOC_00473,2024-08-30 23:30:49.284290,412.7234802071417,
USER_00001,DOC_00381,2024-12-14 23:30:49.284452,349.32909209815784,3.0
USER_00067,DOC_00192,2024-07-03 23:30:49.284613,26.04948014213066,1.0
USER_00012,DOC_00320,2024-06-01 23:30:49.284775,53.173308273121236,1.0
USER_00097,DOC_00462,2025-01-06 23:30:49.284932,22.334749096158514,
USER_00076,DOC_00483,2024-11-15 23:30:49.285089,588.7414596255109,
USER_00038,DOC_00297,2025-01-12 23:30:49.285250,166.62920274861287,2.0
USER_00031,DOC_00216,2024-11-11 23:30:49.285411,271.1167759304085,2.0
USER_00061,DOC_00211,2024-06-18 23:30:49.285614,137.88704967997114,1.0
USER_00046,DOC_00113,2024-04-19 23:30:49.285777,283.451861426094,2.0
USER_00042,DOC_00318,2024-05-03 23:30:49.285944,154.43833663593145,2.0
USER_00059,DOC_00302,2025-02-23 23:30:49.286107,319.1447795845712,2.0
USER_00025,DOC_00438,2024-07-30 23:30:49.286269,53.434774304872185,1.0
USER_00038,DOC_00020,2024-07-19 23:30:49.286432,384.3966000351993,3.0
USER_00045,DOC_00097,2025-03-09 23:30:49.286593,357.3281150144087,3.0
USER_00021,DOC_00126,2024-05-22 23:30:49.286753,397.4714116718426,4.0
USER_00060,DOC_00125,2024-12-26 23:30:49.286912,275.21749183146477,3.0
USER_00075,DOC_00361,2024-09-24 23:30:49.287074,272.99345628347766,2.0
USER_00044,DOC_00447,2024-05-22 23:30:49.287231,214.96444343269994,
USER_00081,DOC_00111,2024-10-29 23:30:49.287390,204.82527866842608,2.0
USER_00084,DOC_00030,2024-08-25 23:30:49.287545,120.43537930320925,
USER_00094,DOC_00090,2025-01-15 23:30:49.287702,120.2780592264398,1.0
USER_00017,DOC_00353,2025-02-02 23:30:49.287858,34.37180373366424,
USER_00040,DOC_00492,2025-03-16 23:30:49.288015,295.5870668166237,3.0
USER_00065,DOC_00265,2024-09-09 23:30:49.288179,538.06932344705,5.0
USER_00076,DOC_00432,2024-04-15 23:30:49.288337,212.84961314470277,
USER_00005,DOC_00242,2024-06-27 23:30:49.288496,157.11786343495416,
USER_00021,DOC_00380,2024-10-09 23:30:49.288720,296.7665939451052,2.0
USER_00017,DOC_00150,2025-01-22 23:30:49.288995,200.845727490993,1.0
USER_00038,DOC_00322,2024-12-14 23:30:49.289173,93.24769989306591,1.0
USER_00023,DOC_00420,2024-07-30 23:30:49.289389,440.24895058633285,3.0
USER_00004,DOC_00406,2024-04-30 23:30:49.289605,26.992808635906776,1.0
USER_00098,DOC_00346,2025-02-14 23:30:49.289772,79.76052367849533,1.0
USER_00024,DOC_00228,2024-06-15 23:30:49.289928,533.1957800400318,
USER_00091,DOC_00425,2024-11-01 23:30:49.290162,311.68148076006463,3.0
USER_00090,DOC_00056,2025-01-25 23:30:49.290322,102.41416690240607,1.0
USER_00073,DOC_00215,2024-06-26 23:30:49.290479,456.39547399337425,
USER_00098,DOC_00234,2024-09-21 23:30:49.290671,402.8112640909465,
USER_00021,DOC_00162,2024-05-06 23:30:49.290861,412.8683102954421,
USER_00051,DOC_00321,2024-09-29 23:30:49.291053,193.31507889936216,
USER_00069,DOC_00056,2024-07-24 23:30:49.291251,466.7611850135282,4.0
USER_00073,DOC_00236,2024-05-19 23:30:49.291416,137.6340923980997,1.0
USER_00056,DOC_00263,2024-08-06 23:30:49.291578,162.14330209332508,1.0
USER_00030,DOC_00138,2024-06-21 23:30:49.291738,341.51988077084155,3.0
USER_00049,DOC_00096,2024-10-04 23:30:49.291896,257.83697505187376,2.0
USER_00099,DOC_00299,2024-07-29 23:30:49.292056,51.05918996382229,1.0
USER_00045,DOC_00301,2024-06-19 23:30:49.292253,141.10225212762936,1.0
USER_00023,DOC_00346,2024-09-26 23:30:49.292413,219.64832811953963,2.0
USER_00013,DOC_00313,2024-03-31 23:30:49.292606,32.89466917825763,
USER_00044,DOC_00147,2024-08-25 23:30:49.292765,239.38912018722755,2.0
USER_00020,DOC_00025,2024-11-21 23:30:49.292924,516.0777851061957,4.0
USER_00055,DOC_00163,2024-12-31 23:30:49.293080,390.61089104318063,
USER_00067,DOC_00034,2024-06-14 23:30:49.293293,15.177105486531518,1.0
USER_00021,DOC_00425,2024-11-07 23:30:49.293470,360.5399945445393,3.0
USER_00083,DOC_00426,2024-10-08 23:30:49.293631,564.0579698833419,5.0
USER_00007,DOC_00260,2024-07-15 23:30:49.293786,534.1747060350167,
USER_00073,DOC_00419,2025-01-21 23:30:49.293949,66.40030441859147,1.0
USER_00071,DOC_00394,2024-09-01 23:30:49.294108,597.3740661963458,5.0
USER_00040,DOC_00332,2024-05-06 23:30:49.294430,185.73150665880064,
USER_00025,DOC_00199,2024-11-22 23:30:49.294665,75.64413591258636,
USER_00036,DOC_00049,2024-08-17 23:30:49.294859,440.5152154186401,4.0
USER_00077,DOC_00179,2024-06-29 23:30:49.295041,278.4692452819767,2.0
USER_00071,DOC_00001,2025-01-19 23:30:49.295204,123.83131741274921,1.0
USER_00043,DOC_00248,2024-06-02 23:30:49.295367,155.90806130835648,2.0
USER_00001,DOC_00041,2024-04-23 23:30:49.295528,403.8882655389319,4.0
USER_00081,DOC_00141,2024-09-30 23:30:49.295687,468.90916463191127,4.0
USER_00039,DOC_00343,2024-04-28 23:30:49.295844,48.4309708158286,
USER_00065,DOC_00069,2024-05-19 23:30:49.296001,420.4896965304561,
USER_00091,DOC_00115,2024-06-28 23:30:49.296161,393.37652923244855,3.0
USER_00045,DOC_00080,2024-08-11 23:30:49.296321,96.0627849027987,1.0
USER_00031,DOC_00204,2024-06-30 23:30:49.296483,493.1244268502144,4.0
USER_00062,DOC_00340,2025-01-09 23:30:49.296656,561.3657488585751,
USER_00024,DOC_00269,2024-10-11 23:30:49.296837,97.52011662463072,1.0
USER_00071,DOC_00499,2024-10-23 23:30:49.297002,519.6478264278926,5.0
USER_00054,DOC_00375,2024-11-23 23:30:49.297162,99.92008282235001,1.0
USER_00001,DOC_00463,2025-02-14 23:30:49.297318,487.60406872132114,
USER_00033,DOC_00116,2025-01-28 23:30:49.297477,229.75549921714722,2.0
USER_00048,DOC_00467,2024-06-07 23:30:49.297636,428.7995774464182,4.0
USER_00036,DOC_00239,2024-09-30 23:30:49.297795,508.7199837318765,5.0
USER_00086,DOC_00288,2024-05-03 23:30:49.297954,217.6239828976099,2.0
USER_00050,DOC_00268,2024-09-04 23:30:49.298113,271.78940457920186,2.0
USER_00049,DOC_00112,2025-02-05 23:30:49.298268,319.06741645473846,
USER_00032,DOC_00255,2024-10-15 23:30:49.298422,464.064089263892,
USER_00062,DOC_00421,2024-12-11 23:30:49.298576,426.8524830588827,
USER_00038,DOC_00414,2025-02-15 23:30:49.298734,207.7778440473449,2.0
USER_00073,DOC_00358,2024-05-30 23:30:49.298891,562.0365263516313,4.0
USER_00088,DOC_00176,2024-05-31 23:30:49.299046,503.54691472407154,
USER_00003,DOC_00214,2025-02-04 23:30:49.299207,467.5562575090476,
USER_00071,DOC_00252,2025-02-12 23:30:49.299365,382.1454488440529,3.0
USER_00077,DOC_00052,2025-01-18 23:30:49.299523,466.30141253097565,3.0
USER_00062,DOC_00465,2024-10-04 23:30:49.299719,360.1749663471798,3.0
USER_00082,DOC_00296,2024-04-22 23:30:49.299874,371.47443254629286,
USER_00063,DOC_00448,2025-01-03 23:30:49.300035,438.47321720346343,4.0
USER_00051,DOC_00112,2024-11-06 23:30:49.300193,443.12311871986475,4.0
USER_00007,DOC_00457,2024-12-24 23:30:49.300353,88.74671263709884,1.0
USER_00085,DOC_00343,2024-05-21 23:30:49.300507,463.93369641327183,
USER_00038,DOC_00012,2024-09-01 23:30:49.300668,118.8157683021138,1.0
USER_00039,DOC_00371,2024-08-25 23:30:49.300828,380.7960313742121,3.0
USER_00031,DOC_00235,2024-06-28 23:30:49.300987,396.58716590004303,3.0
USER_00100,DOC_00447,2024-05-05 23:30:49.301146,503.4707255689203,4.0
USER_00080,DOC_00474,2025-02-20 23:30:49.301307,303.0080502972711,3.0
USER_00049,DOC_00405,2024-06-29 23:30:49.301467,386.7998184203868,4.0
USER_00085,DOC_00500,2024-05-09 23:30:49.301627,125.06783675560106,1.0
USER_00086,DOC_00328,2024-06-25 23:30:49.301793,466.31674443416415,3.0
USER_00085,DOC_00133,2024-03-26 23:30:49.301949,194.06321003512824,
USER_00022,DOC_00462,2024-08-02 23:30:49.302107,534.5667832025813,
USER_00060,DOC_00454,2025-03-22 23:30:49.302267,313.885603997143,2.0
USER_00015,DOC_00421,2024-08-12 23:30:49.302426,164.67670714119163,1.0
USER_00052,DOC_00023,2024-12-17 23:30:49.302585,53.29656982468505,1.0
USER_00025,DOC_00110,2024-03-31 23:30:49.302745,151.26965510623256,1.0
USER_00098,DOC_00019,2024-10-17 23:30:49.302908,373.87066187148935,3.0
USER_00100,DOC_00304,2025-03-06 23:30:49.303061,453.47743955411903,
USER_00056,DOC_00405,2025-03-16 23:30:49.303221,39.36264598725957,1.0
USER_00065,DOC_00318,2024-09-28 23:30:49.303381,575.6909746925403,5.0
USER_00011,DOC_00486,2024-04-10 23:30:49.303543,71.02674832276975,1.0
USER_00097,DOC_00331,2024-11-28 23:30:49.303709,288.10721186387946,
USER_00085,DOC_00150,2024-09-24 23:30:49.303881,439.1870850751342,4.0
USER_00077,DOC_00374,2024-06-30 23:30:49.304041,313.8345331394421,3.0
USER_00011,DOC_00341,2024-05-24 23:30:49.304196,318.979656024366,
USER_00014,DOC_00191,2024-11-07 23:30:49.304364,466.0444602869183,4.0
USER_00077,DOC_00384,2024-11-09 23:30:49.304524,521.7684268024948,4.0
USER_00014,DOC_00254,2024-12-13 23:30:49.304683,178.08429695280603,1.0
USER_00100,DOC_00046,2024-08-12 23:30:49.304841,455.17230990777756,4.0
USER_00001,DOC_00290,2024-07-01 23:30:49.304995,458.8764494443355,
USER_00010,DOC_00434,2024-08-20 23:30:49.305153,271.13696757075064,2.0
USER_00024,DOC_00213,2024-03-28 23:30:49.305308,510.69040124537713,
USER_00064,DOC_00222,2024-03-29 23:30:49.305467,120.35040555866767,1.0
USER_00089,DOC_00262,2024-12-02 23:30:49.305706,238.1944385801924,
USER_00068,DOC_00413,2024-05-09 23:30:49.305923,512.8897216286161,4.0
USER_00096,DOC_00481,2024-11-05 23:30:49.306140,93.01030007784031,1.0
USER_00086,DOC_00484,2024-05-15 23:30:49.306294,219.41575904865263,
USER_00093,DOC_00134,2024-08-04 23:30:49.306447,62.92258523487023,
USER_00074,DOC_00375,2024-05-07 23:30:49.306606,337.86508902497775,3.0
USER_00093,DOC_00408,2024-08-28 23:30:49.306798,594.6413101287623,5.0
USER_00073,DOC_00479,2024-06-18 23:30:49.307021,182.65623221608362,2.0
USER_00070,DOC_00158,2024-08-04 23:30:49.307212,313.2402423883609,
USER_00075,DOC_00098,2024-11-04 23:30:49.307400,504.2256713785586,4.0
USER_00013,DOC_00328,2025-02-21 23:30:49.307588,539.950463106646,5.0
USER_00077,DOC_00076,2024-05-13 23:30:49.307751,271.81803289039794,2.0
USER_00040,DOC_00177,2024-04-14 23:30:49.307912,195.30565208770975,2.0
USER_00013,DOC_00085,2024-07-25 23:30:49.308074,365.55342355852457,3.0
USER_00092,DOC_00142,2024-09-26 23:30:49.308235,453.5818895251942,4.0
USER_00086,DOC_00138,2025-03-17 23:30:49.308390,570.7606635035231,
USER_00090,DOC_00013,2024-09-04 23:30:49.308548,495.19447314933404,4.0
USER_00022,DOC_00448,2024-06-25 23:30:49.308706,421.52443126188575,4.0
USER_00043,DOC_00468,2024-11-07 23:30:49.308863,314.74235294849905,3.0
USER_00065,DOC_00227,2024-04-22 23:30:49.309022,204.8269828444162,1.0
USER_00100,DOC_00262,2024-07-15 23:30:49.309183,516.3850364850135,5.0
USER_00068,DOC_00253,2024-05-14 23:30:49.309343,477.1224068697952,4.0
USER_00047,DOC_00194,2024-09-02 23:30:49.309503,470.02979985642713,4.0
USER_00001,DOC_00075,2024-09-06 23:30:49.309657,75.03741614552729,
USER_00023,DOC_00171,2024-09-26 23:30:49.309819,38.69020826481384,1.0
USER_00019,DOC_00062,2025-01-11 23:30:49.309981,486.23606441946976,4.0
USER_00078,DOC_00189,2024-04-30 23:30:49.310141,177.58082148395877,2.0
USER_00076,DOC_00074,2025-01-18 23:30:49.310299,354.7673360194466,3.0
USER_00065,DOC_00441,2024-09-10 23:30:49.310459,330.7838375905013,3.0
USER_00070,DOC_00062,2024-09-03 23:30:49.310615,385.21063596776844,
USER_00034,DOC_00344,2025-02-20 23:30:49.310786,89.23520899316014,
USER_00075,DOC_00098,2024-07-17 23:30:49.310947,477.9064153330931,4.0
USER_00098,DOC_00272,2024-10-22 23:30:49.311109,369.74149838205324,3.0
USER_00023,DOC_00418,2024-06-12 23:30:49.311271,325.57802446285183,2.0
USER_00009,DOC_00450,2024-12-18 23:30:49.311440,99.11064557318639,1.0
USER_00018,DOC_00358,2024-07-30 23:30:49.311598,220.78984397766664,
USER_00016,DOC_00277,2024-11-18 23:30:49.311774,555.8957223011876,5.0
USER_00055,DOC_00275,2025-02-01 23:30:49.311928,72.29380061361252,
USER_00009,DOC_00158,2024-05-02 23:30:49.312081,300.0957937599251,
USER_00061,DOC_00080,2024-10-30 23:30:49.312240,459.27655493475766,4.0
USER_00057,DOC_00126,2024-11-03 23:30:49.312404,20.25935832600601,1.0
USER_00078,DOC_00496,2024-12-13 23:30:49.312564,430.2939714312633,3.0
USER_00014,DOC_00201,2025-02-06 23:30:49.312735,288.52592246120776,3.0
USER_00028,DOC_00002,2024-10-10 23:30:49.312896,19.96707949219589,1.0
USER_00097,DOC_00105,2024-04-16 23:30:49.313057,352.225697625878,3.0
USER_00077,DOC_00138,2024-07-02 23:30:49.313215,318.95920061709836,2.0
USER_00077,DOC_00188,2025-03-03 23:30:49.313373,381.4447631495753,3.0
USER_00043,DOC_00201,2024-11-23 23:30:49.313533,120.14351628944685,1.0
USER_00069,DOC_00134,2024-10-29 23:30:49.313688,373.97166613344507,
USER_00088,DOC_00333,2024-12-28 23:30:49.313862,32.35767410155768,1.0
USER_00016,DOC_00216,2024-10-13 23:30:49.314067,160.3274898814695,1.0
USER_00060,DOC_00104,2024-06-25 23:30:49.314226,238.37529347493293,
USER_00050,DOC_00371,2024-11-04 23:30:49.314392,139.24930362430354,1.0
USER_00016,DOC_00309,2024-05-16 23:30:49.314558,174.3907165229566,1.0
USER_00090,DOC_00150,2024-09-28 23:30:49.314717,381.80948574219775,
USER_00098,DOC_00002,2025-01-08 23:30:49.314889,405.1743318746771,3.0
USER_00095,DOC_00195,2024-06-24 23:30:49.315052,113.15378012506459,1.0
USER_00052,DOC_00263,2024-05-18 23:30:49.315209,351.84932234112625,
USER_00061,DOC_00365,2025-02-04 23:30:49.315367,196.17300945049996,2.0
USER_00064,DOC_00050,2024-09-23 23:30:49.315522,219.4299582818315,
USER_00005,DOC_00145,2024-08-27 23:30:49.315682,133.6513043436193,1.0
USER_00035,DOC_00168,2024-10-29 23:30:49.315842,349.53041395295526,3.0
